experiment,percentDEInCat,set_size,term,ontology,genes
enriched_vs_control,100,1,anatomical structure development,BP,gene_g9125
enriched_vs_control,16.66666667,6,anatomical structure development,BP,gene_g5552; gene_g9832; gene_g9916; gene_g11843; gene_g18118; gene_g19714
enriched_vs_control,4.87804878,41,anatomical structure development,BP,gene_g139; gene_g482; gene_g946; gene_g1487; gene_g2533; gene_g2700; gene_g3305; gene_g4260; gene_g5118; gene_g5743; gene_g6015; gene_g6958; gene_g7481; gene_g8401; gene_g8550; gene_g8852; gene_g8883; gene_g8884; gene_g8889; gene_g8915; gene_g9285; gene_g9289; gene_g9366; gene_g9880; gene_g10199; gene_g10298; gene_g11703; gene_g12286; gene_g13168; gene_g13303; gene_g14423; gene_g15188; gene_g17663; gene_g19109; gene_g20106; gene_g20984; gene_g22990; gene_g24398; gene_g26288; gene_g26528; gene_g26735
enriched_vs_control,20,5,anatomical structure development,BP,gene_g13138; gene_g13754; gene_g14988; gene_g19097; gene_g26661
enriched_vs_control,50,2,anatomical structure development,BP,gene_g6378; gene_g17156
enriched_vs_control,100,1,anatomical structure development,BP,gene_g9125
enriched_vs_control,50,2,anatomical structure development,BP,gene_g9916; gene_g19714
enriched_vs_control,50,2,anatomical structure development,BP,gene_g9125; gene_g21473
enriched_vs_control,50,2,anatomical structure development,BP,gene_g6378; gene_g17156
enriched_vs_control,8,25,anatomical structure development,BP,gene_g46; gene_g1447; gene_g2034; gene_g3163; gene_g4330; gene_g4391; gene_g5163; gene_g5718; gene_g5730; gene_g6871; gene_g6918; gene_g9031; gene_g9649; gene_g9916; gene_g10006; gene_g13712; gene_g14776; gene_g14911; gene_g15643; gene_g15706; gene_g17881; gene_g18302; gene_g19714; gene_g23283; gene_g25520
enriched_vs_control,25,4,anatomical structure development,BP,gene_g3261; gene_g11064; gene_g11360; gene_g11439
enriched_vs_control,2.298850575,174,anatomical structure development,BP,gene_g265; gene_g407; gene_g624; gene_g829; gene_g1116; gene_g1956; gene_g2218; gene_g2365; gene_g2476; gene_g2504; gene_g2542; gene_g2767; gene_g3014; gene_g3261; gene_g3305; gene_g3354; gene_g3393; gene_g3394; gene_g4201; gene_g4259; gene_g4260; gene_g4509; gene_g4510; gene_g4607; gene_g4843; gene_g5162; gene_g5249; gene_g5439; gene_g5450; gene_g5480; gene_g5523; gene_g5697; gene_g6112; gene_g6242; gene_g6244; gene_g6545; gene_g6639; gene_g6951; gene_g6958; gene_g6961; gene_g7192; gene_g7279; gene_g7339; gene_g7395; gene_g7396; gene_g7679; gene_g7680; gene_g7903; gene_g8242; gene_g8244; gene_g8297; gene_g8401; gene_g8564; gene_g8657; gene_g8838; gene_g8883; gene_g8884; gene_g9182; gene_g9233; gene_g9285; gene_g9286; gene_g9287; gene_g9289; gene_g9355; gene_g9492; gene_g10018; gene_g10137; gene_g10270; gene_g10375; gene_g10494; gene_g10618; gene_g10676; gene_g10680; gene_g10701; gene_g10770; gene_g10844; gene_g11115; gene_g11279; gene_g11317; gene_g11323; gene_g11324; gene_g11325; gene_g11326; gene_g11327; gene_g11328; gene_g11358; gene_g11389; gene_g11703; gene_g11781; gene_g12031; gene_g12105; gene_g12106; gene_g12286; gene_g12375; gene_g12516; gene_g12605; gene_g12656; gene_g12752; gene_g12798; gene_g12889; gene_g13198; gene_g13309; gene_g13325; gene_g13525; gene_g13528; gene_g13690; gene_g13702; gene_g14149; gene_g14235; gene_g14676; gene_g14677; gene_g14785; gene_g14850; gene_g14869; gene_g14870; gene_g14872; gene_g15050; gene_g15107; gene_g15152; gene_g16086; gene_g16488; gene_g16790; gene_g16858; gene_g17129; gene_g17318; gene_g17540; gene_g17591; gene_g17663; gene_g17713; gene_g17905; gene_g18166; gene_g18271; gene_g18416; gene_g18592; gene_g18680; gene_g18681; gene_g18682; gene_g18802; gene_g18842; gene_g19109; gene_g19185; gene_g19292; gene_g19568; gene_g19789; gene_g19836; gene_g19905; gene_g19955; gene_g20008; gene_g20114; gene_g20203; gene_g20618; gene_g20693; gene_g20922; gene_g20980; gene_g20984; gene_g21329; gene_g22890; gene_g23189; gene_g23191; gene_g23320; gene_g23321; gene_g23518; gene_g23913; gene_g24699; gene_g25450; gene_g26093; gene_g26096; gene_g26212; gene_g26231; gene_g26358; gene_g26528; gene_g26601; gene_g26805; gene_g26829; gene_split_gene_gene_gene_g2081-g2081
enriched_vs_control,4.255319149,47,anatomical structure development,BP,gene_g4510; gene_g4607; gene_g6242; gene_g6244; gene_g6951; gene_g9285; gene_g9289; gene_g10676; gene_g10701; gene_g10844; gene_g11317; gene_g11358; gene_g11389; gene_g11703; gene_g12031; gene_g12105; gene_g12106; gene_g12752; gene_g12798; gene_g12889; gene_g13702; gene_g14149; gene_g14870; gene_g15107; gene_g16858; gene_g17591; gene_g17663; gene_g17905; gene_g18271; gene_g18592; gene_g18680; gene_g18682; gene_g19109; gene_g19185; gene_g19568; gene_g19789; gene_g19836; gene_g19905; gene_g19955; gene_g20984; gene_g21329; gene_g23191; gene_g23518; gene_g23913; gene_g26093; gene_g26601; gene_g26805
enriched_vs_control,25,4,anatomical structure development,BP,gene_g3046; gene_g4852; gene_g9828; gene_g14022
enriched_vs_control,3,100,anatomical structure development,BP,gene_g764; gene_g1123; gene_g1539; gene_g1777; gene_g2365; gene_g2687; gene_g2801; gene_g3305; gene_g3642; gene_g4259; gene_g4260; gene_g4510; gene_g4607; gene_g4907; gene_g5118; gene_g5416; gene_g6242; gene_g6244; gene_g6515; gene_g6951; gene_g6958; gene_g7192; gene_g7585; gene_g8297; gene_g8401; gene_g8541; gene_g8771; gene_g8883; gene_g9233; gene_g9285; gene_g9286; gene_g9287; gene_g9289; gene_g9492; gene_g9807; gene_g10018; gene_g10137; gene_g10362; gene_g10642; gene_g10676; gene_g10680; gene_g10701; gene_g10844; gene_g10956; gene_g11317; gene_g11358; gene_g11389; gene_g11703; gene_g12031; gene_g12105; gene_g12106; gene_g12286; gene_g12684; gene_g12752; gene_g12798; gene_g13198; gene_g13702; gene_g13749; gene_g14149; gene_g14422; gene_g14423; gene_g14844; gene_g14869; gene_g14870; gene_g14872; gene_g15107; gene_g15642; gene_g15643; gene_g16858; gene_g17540; gene_g17591; gene_g17663; gene_g17905; gene_g18070; gene_g18271; gene_g18592; gene_g18680; gene_g18681; gene_g18682; gene_g19109; gene_g19185; gene_g19568; gene_g19789; gene_g19836; gene_g19905; gene_g19955; gene_g20980; gene_g20984; gene_g21329; gene_g21567; gene_g22983; gene_g23189; gene_g23191; gene_g23518; gene_g23913; gene_g26093; gene_g26222; gene_g26528; gene_g26601; gene_g26805
enriched_vs_control,50,2,behavior,BP,gene_g2612; gene_g6958
enriched_vs_control,50,2,biological process involved in intraspecies interaction between organisms,BP,gene_g4448; gene_g4449
enriched_vs_control,9.523809524,21,carbohydrate derivative metabolic process,BP,gene_g160; gene_g3596; gene_g9191; gene_g11022; gene_g12679; gene_g13356; gene_g18572; gene_g19135; gene_g19578; gene_g20491; gene_g20683; gene_g20897; gene_g21614; gene_g22830; gene_g24513; gene_g24800; gene_g160; gene_g3742; gene_g9191; gene_g12679; gene_g13356; gene_g16999; gene_g19135; gene_g20491; gene_g20683; gene_g21326; gene_g21614; gene_g22830; gene_g24513; gene_g3742; gene_g9191; gene_g12679; gene_g19135; gene_g20491; gene_g20683; gene_g20897; gene_g21326; gene_g21614; gene_g22448; gene_g22830; gene_g8277; gene_g16999; gene_g21326; gene_g22448
enriched_vs_control,25,4,carbohydrate derivative metabolic process,BP,gene_g2688; gene_g5784; gene_g7968; gene_g22933
enriched_vs_control,20,5,carbohydrate metabolic process,BP,gene_g3130; gene_g5832; gene_g6207; gene_g17318; gene_g18498; gene_novel_gene_model_gene_370_gene_5de57afd
enriched_vs_control,33.33333333,3,carboxylic acid metabolic process,BP,gene_g11345; gene_g15397; gene_g15399
enriched_vs_control,3.703703704,81,cell adhesion,BP,gene_g6542; gene_g7285; gene_g9459; gene_g9832; gene_g9915; gene_g10388; gene_g11214; gene_g11843; gene_g12614; gene_g12752; gene_g13712; gene_g14987; gene_g17078; gene_g17199; gene_g17881; gene_g18302; gene_g18379; gene_g18721; gene_g19081; gene_g19291; gene_g19292; gene_g20703; gene_g23625; gene_g23684; gene_g23913; gene_g24564; gene_g25226; gene_g26024; gene_g26089; gene_g588; gene_g1972; gene_g2653; gene_g2900; gene_g3524; gene_g3871; gene_g5695; gene_g7251; gene_g8092; gene_g8360; gene_g8793; gene_g8796; gene_g9445; gene_g10093; gene_g10295; gene_g10296; gene_g10481; gene_g11025; gene_g11281; gene_g11288; gene_g11732; gene_g12366; gene_g13955; gene_g14543; gene_g14707; gene_g15808; gene_g16083; gene_g16154; gene_g16581; gene_g16585; gene_g17459; gene_g18027; gene_g18028; gene_g19081; gene_g20609; gene_g20673; gene_g20732; gene_g20778; gene_g21639; gene_g22882; gene_g22911; gene_g23670; gene_g25226; gene_g25718; gene_g25842; gene_g26325; gene_g1972; gene_g2900; gene_g3524; gene_g10296; gene_g14543; gene_g14707; gene_g15808; gene_g16581; gene_g16830; gene_g17459; gene_g18961; gene_g20588; gene_g23670; gene_g25718; gene_g9138; gene_g16029; gene_g17903; gene_g20673; gene_g21212; gene_g21466
enriched_vs_control,33.33333333,3,cell adhesion,BP,gene_g7673; gene_g9441; gene_g13743
enriched_vs_control,18.18181818,11,cell adhesion,BP,gene_g1453; gene_g4330; gene_g6119; gene_g9459; gene_g11843; gene_g13712; gene_g14776; gene_g14911; gene_g17881; gene_g18302; gene_g24564
enriched_vs_control,33.33333333,3,cell cycle process,BP,gene_g168; gene_g8079; gene_g13978
enriched_vs_control,25,4,cell differentiation,BP,gene_g5211; gene_g8191; gene_g18286; gene_g23055
enriched_vs_control,33.33333333,3,cell motility,BP,gene_g4016; gene_g16275; gene_g18165
enriched_vs_control,6.25,32,cell motility,BP,gene_g138; gene_g739; gene_g2108; gene_g3305; gene_g4259; gene_g4260; gene_g6958; gene_g7192; gene_g7385; gene_g7673; gene_g8296; gene_g8401; gene_g8543; gene_g8883; gene_g8884; gene_g9285; gene_g9289; gene_g9366; gene_g11703; gene_g11894; gene_g12286; gene_g13198; gene_g13732; gene_g15449; gene_g16790; gene_g17663; gene_g18149; gene_g18166; gene_g18256; gene_g19109; gene_g20984; gene_g26528
enriched_vs_control,10.52631579,19,cell motility,BP,gene_g3305; gene_g4259; gene_g4260; gene_g6958; gene_g7192; gene_g8296; gene_g8401; gene_g8883; gene_g8884; gene_g9285; gene_g9289; gene_g11703; gene_g12286; gene_g12725; gene_g13198; gene_g17663; gene_g19109; gene_g20984; gene_g26528
enriched_vs_control,16.66666667,2,cellular component organization,BP,gene_g12285; gene_g15343
enriched_vs_control,50,133,cellular component organization,BP,gene_g294; gene_g376; gene_g392; gene_g578; gene_g1147; gene_g1199; gene_g1301; gene_g1312; gene_g1449; gene_g2545; gene_g2817; gene_g3421; gene_g3587; gene_g3614; gene_g4064; gene_g4198; gene_g4508; gene_g4509; gene_g4510; gene_g4536; gene_g4607; gene_g4645; gene_g5202; gene_g5416; gene_g5843; gene_g6183; gene_g6242; gene_g6244; gene_g6403; gene_g6694; gene_g6796; gene_g6951; gene_g6958; gene_g7353; gene_g7480; gene_g7610; gene_g7797; gene_g7977; gene_g8334; gene_g8563; gene_g8724; gene_g9168; gene_g9233; gene_g9286; gene_g9354; gene_g9492; gene_g9650; gene_g10547; gene_g10550; gene_g10676; gene_g10680; gene_g10844; gene_g11030; gene_g11203; gene_g11389; gene_g11553; gene_g11703; gene_g11752; gene_g11781; gene_g11939; gene_g12031; gene_g12036; gene_g12105; gene_g12285; gene_g12286; gene_g12301; gene_g12355; gene_g12541; gene_g12798; gene_g12814; gene_g13119; gene_g13464; gene_g13749; gene_g14149; gene_g14196; gene_g14521; gene_g14870; gene_g14872; gene_g15107; gene_g15343; gene_g15817; gene_g16123; gene_g16284; gene_g16445; gene_g16504; gene_g16528; gene_g16537; gene_g16828; gene_g16858; gene_g17199; gene_g17540; gene_g17663; gene_g17864; gene_g17905; gene_g18166; gene_g18271; gene_g18592; gene_g18680; gene_g18681; gene_g18682; gene_g18751; gene_g19109; gene_g19185; gene_g19568; gene_g19600; gene_g19789; gene_g19802; gene_g19841; gene_g19905; gene_g20401; gene_g20484; gene_g21228; gene_g21329; gene_g21912; gene_g23191; gene_g23312; gene_g23518; gene_g23602; gene_g23729; gene_g23981; gene_g25644; gene_g25645; gene_g25682; gene_g25723; gene_g26082; gene_g26084; gene_g26085; gene_g26093; gene_g26115; gene_g26443; gene_g26805; gene_g1199; gene_g1312; gene_g2212; gene_g1312; gene_g18237
enriched_vs_control,3.759398496,5,cellular component organization,BP,gene_g1002; gene_g8294; gene_g13712; gene_g13984; gene_g17881
enriched_vs_control,20,88,cellular component organization,BP,gene_g3389; gene_g3460; gene_g3614; gene_g4508; gene_g4509; gene_g4510; gene_g4607; gene_g4852; gene_g5416; gene_g5784; gene_g6242; gene_g6244; gene_g6403; gene_g6951; gene_g6958; gene_g7679; gene_g7680; gene_g7797; gene_g8724; gene_g8923; gene_g9233; gene_g9286; gene_g9492; gene_g10676; gene_g10680; gene_g10844; gene_g11188; gene_g11190; gene_g11389; gene_g11703; gene_g11781; gene_g12031; gene_g12105; gene_g12286; gene_g12301; gene_g12798; gene_g12814; gene_g13749; gene_g13809; gene_g14149; gene_g14521; gene_g14870; gene_g14872; gene_g15107; gene_g15551; gene_g15655; gene_g15817; gene_g16528; gene_g16828; gene_g16858; gene_g17134; gene_g17154; gene_g17199; gene_g17318; gene_g17540; gene_g17663; gene_g17728; gene_g17864; gene_g17905; gene_g18046; gene_g18271; gene_g18340; gene_g18592; gene_g18680; gene_g18681; gene_g18682; gene_g18751; gene_g18876; gene_g19109; gene_g19185; gene_g19568; gene_g19600; gene_g19789; gene_g19802; gene_g19841; gene_g19905; gene_g19939; gene_g20484; gene_g21228; gene_g21329; gene_g23191; gene_g23518; gene_g23602; gene_g23729; gene_g25682; gene_g26093; gene_g26443; gene_g26805
enriched_vs_control,3.409090909,2,cellular component organization,BP,gene_g9352; gene_g13743
enriched_vs_control,33.33333333,3,cellular homeostasis,BP,gene_g446; gene_g8191; gene_g18286
enriched_vs_control,12.5,8,cellular localization,BP,gene_g4685; gene_g8973; gene_g9916; gene_g14525; gene_g14852; gene_g19714; gene_g25816; gene_g25909
enriched_vs_control,16.66666667,6,cellular metabolic process,BP,gene_g2260; gene_g4016; gene_g6901; gene_g13207; gene_g16312; gene_g25876
enriched_vs_control,3.921568627,102,cellular metabolic process,BP,gene_g74; gene_g3046; gene_g3246; gene_g3614; gene_g3642; gene_g4259; gene_g4260; gene_g4508; gene_g4509; gene_g4510; gene_g4607; gene_g4690; gene_g5416; gene_g6015; gene_g6069; gene_g6242; gene_g6244; gene_g6403; gene_g6951; gene_g6958; gene_g7192; gene_g7797; gene_g7850; gene_g8290; gene_g8564; gene_g8721; gene_g8724; gene_g9233; gene_g9286; gene_g9289; gene_g9343; gene_g9492; gene_g9828; gene_g10676; gene_g10680; gene_g10844; gene_g10866; gene_g11389; gene_g11598; gene_g11703; gene_g11781; gene_g11895; gene_g12031; gene_g12105; gene_g12286; gene_g12301; gene_g12371; gene_g12605; gene_g12798; gene_g12814; gene_g13198; gene_g13749; gene_g13830; gene_g14022; gene_g14149; gene_g14521; gene_g14525; gene_g14870; gene_g14872; gene_g15107; gene_g16790; gene_g16828; gene_g16858; gene_g17199; gene_g17540; gene_g17663; gene_g17864; gene_g17894; gene_g17905; gene_g18271; gene_g18383; gene_g18592; gene_g18680; gene_g18681; gene_g18682; gene_g18751; gene_g19109; gene_g19185; gene_g19568; gene_g19600; gene_g19789; gene_g19802; gene_g19841; gene_g19905; gene_g20347; gene_g20484; gene_g20618; gene_g20693; gene_g20922; gene_g20984; gene_g21228; gene_g21329; gene_g23191; gene_g23363; gene_g23518; gene_g23602; gene_g23729; gene_g25682; gene_g25884; gene_g26093; gene_g26443; gene_g26805
enriched_vs_control,25,4,cellular metabolic process,BP,gene_g2985; gene_g11345; gene_g11725; gene_g20356
enriched_vs_control,33.33333333,3,cellular nitrogen compound,BP,gene_g4448; gene_g4449; gene_g10734
enriched_vs_control,33.33333333,3,cytoplasmic translation,BP,gene_g11064; gene_g13454; gene_g25970
enriched_vs_control,100,1,cytoplasmic translation,BP,gene_g13978
enriched_vs_control,20,5,cytoplasmic translation,BP,gene_g6841; gene_g9111; gene_g12393; gene_g13454; gene_g13548
enriched_vs_control,16.66666667,6,cytoskeleton organization,BP,gene_g36; gene_g10682; gene_g13380; gene_g14417; gene_g17125; gene_g4621
enriched_vs_control,20,5,cytoskeleton organization,BP,gene_g3130; gene_g3829; gene_g5508; gene_g5678; gene_g9476
enriched_vs_control,7.294832827,329,DNA biosynthetic process,BP,gene_g364; gene_g3436; gene_g4888; gene_g4898; gene_g7140; gene_g9313; gene_g9835; gene_g9897; gene_g9930; gene_g10046; gene_g10138; gene_g10528; gene_g10529; gene_g11805; gene_g12331; gene_g12643; gene_g12682; gene_g13258; gene_g13374; gene_g14630; gene_g14684; gene_g16470; gene_g16720; gene_g17254; gene_g18004; gene_g18665; gene_g18821; gene_g19039; gene_g19308; gene_g19339; gene_g20182; gene_g20436; gene_g20915; gene_g20995; gene_g21116; gene_g21315; gene_g21623; gene_g21779; gene_g22186; gene_g22254; gene_g22478; gene_g22479; gene_g23123; gene_g24352; gene_g26671; gene_novel_gene_model_gene_4_gene_5de57afd; gene_novel_gene_model_gene_82_gene_5de57afd; gene_novel_gene_model_gene_703_gene_5de57afd; gene_novel_gene_model_gene_738_gene_5de57afd; gene_g24898; gene_g57; gene_g364; gene_g670; gene_g1286; gene_g2567; gene_g3080; gene_g3138; gene_g3437; gene_g3438; gene_g3662; gene_g4325; gene_g4326; gene_g5018; gene_g5418; gene_g5499; gene_g5577; gene_g5586; gene_g6245; gene_g7815; gene_g8171; gene_g8278; gene_g8309; gene_g8365; gene_g8406; gene_g8821; gene_g8886; gene_g9307; gene_g9409; gene_g9835; gene_g11783; gene_g11805; gene_g14045; gene_g14060; gene_g14221; gene_g14354; gene_g14657; gene_g14748; gene_g15338; gene_g15350; gene_g15368; gene_g15510; gene_g15752; gene_g15880; gene_g16095; gene_g16376; gene_g16407; gene_g16470; gene_g16477; gene_g16720; gene_g16823; gene_g16845; gene_g17000; gene_g17042; gene_g17090; gene_g17219; gene_g17268; gene_g17358; gene_g17717; gene_g17774; gene_g18090; gene_g18191; gene_g18611; gene_g18612; gene_g18667; gene_g18687; gene_g18849; gene_g18853; gene_g18893; gene_g18987; gene_g19126; gene_g19294; gene_g19301; gene_g19339; gene_g19366; gene_g19458; gene_g19495; gene_g19957; gene_g20311; gene_g20420; gene_g20453; gene_g20827; gene_g21144; gene_g21350; gene_g21353; gene_g21357; gene_g21431; gene_g21450; gene_g21504; gene_g21534; gene_g21553; gene_g21574; gene_g21616; gene_g21645; gene_g21707; gene_g21751; gene_g21776; gene_g21779; gene_g21839; gene_g21871; gene_g21916; gene_g22111; gene_g22162; gene_g22184; gene_g22200; gene_g22215; gene_g22270; gene_g22289; gene_g22362; gene_g22384; gene_g22424; gene_g22434; gene_g22499; gene_g22512; gene_g22602; gene_g22608; gene_g22651; gene_g22981; gene_g23045; gene_g23153; gene_g23349; gene_g23392; gene_g23680; gene_g23694; gene_g23774; gene_g24352; gene_g24774; gene_g25058; gene_g25726; gene_g25878; gene_g26343; gene_g26424; gene_g26514; gene_g26623; gene_g26720; gene_g26722; gene_g26838; gene_novel_gene_model_gene_703_gene_5de57afd; gene_novel_gene_model_gene_740_gene_5de57afd; gene_g673; gene_g1166; gene_g1287; gene_g1420; gene_g2187; gene_g2718; gene_g3138; gene_g3218; gene_g3508; gene_g3791; gene_g3797; gene_g3892; gene_g4213; gene_g5244; gene_g5808; gene_g5815; gene_g5906; gene_g6689; gene_g6690; gene_g7123; gene_g7796; gene_g8278; gene_g8406; gene_g8426; gene_g8821; gene_g8849; gene_g8886; gene_g10370; gene_g10602; gene_g11311; gene_g11313; gene_g11356; gene_g11578; gene_g11783; gene_g11920; gene_g12104; gene_g12252; gene_g12454; gene_g12462; gene_g13242; gene_g13467; gene_g13558; gene_g13559; gene_g14060; gene_g14380; gene_g14439; gene_g14579; gene_g14784; gene_g14962; gene_g15251; gene_g15350; gene_g15469; gene_g15572; gene_g15684; gene_g15686; gene_g15733; gene_g15752; gene_g15899; gene_g16111; gene_g16200; gene_g16469; gene_g16513; gene_g16704; gene_g16823; gene_g16850; gene_g16917; gene_g16965; gene_g17219; gene_g17283; gene_g17523; gene_g17631; gene_g17650; gene_g17695; gene_g17717; gene_g18016; gene_g18073; gene_g18201; gene_g18457; gene_g18611; gene_g18722; gene_g18745; gene_g18849; gene_g18912; gene_g18920; gene_g19086; gene_g19184; gene_g19212; gene_g19264; gene_g19273; gene_g19289; gene_g19318; gene_g19398; gene_g19495; gene_g19563; gene_g19778; gene_g19881; gene_g19911; gene_g20050; gene_g20420; gene_g20448; gene_g20453; gene_g20581; gene_g20637; gene_g20719; gene_g20754; gene_g20802; gene_g20871; gene_g21038; gene_g21110; gene_g21243; gene_g21246; gene_g21350; gene_g21399; gene_g21409; gene_g21413; gene_g21417; gene_g21427; gene_g21429; gene_g21431; gene_g21450; gene_g21456; gene_g21499; gene_g21504; gene_g21520; gene_g21526; gene_g21534; gene_g21574; gene_g21616; gene_g21645; gene_g21776; gene_g21781; gene_g21811; gene_g21821; gene_g21906; gene_g21916; gene_g21967; gene_g22001; gene_g22017; gene_g22027; gene_g22030; gene_g22033; gene_g22083; gene_g22137; gene_g22157; gene_g22161; gene_g22184; gene_g22197; gene_g22209; gene_g22215; gene_g22220; gene_g22229; gene_g22245; gene_g22270; gene_g22289; gene_g22299; gene_g22318; gene_g22325; gene_g22329; gene_g22333; gene_g22366; gene_g22375; gene_g22384; gene_g22393; gene_g22424; gene_g22426; gene_g22499; gene_g22507; gene_g22512; gene_g22528; gene_g22533; gene_g22579; gene_g22602; gene_g22619; gene_g22649; gene_g22651; gene_g22704; gene_g22705; gene_g22981; gene_g23410; gene_g23411; gene_g23421; gene_g23443; gene_g23511; gene_g24215; gene_g24259; gene_g24694; gene_g24774; gene_g24779; gene_g25058; gene_g25493; gene_g25606; gene_g25653; gene_g26333; gene_g26342; gene_g26424; gene_g26497; gene_g26499
enriched_vs_control,4.887218045,266,DNA metabolic process,BP,gene_g35; gene_g719; gene_g884; gene_g1137; gene_g2021; gene_g2169; gene_g2687; gene_g3205; gene_g3436; gene_g3482; gene_g3516; gene_g3675; gene_g4004; gene_g4827; gene_g4884; gene_g4888; gene_g5728; gene_g7019; gene_g7140; gene_g7345; gene_g7801; gene_g8355; gene_g8546; gene_g8747; gene_g9313; gene_g9897; gene_g9930; gene_g10046; gene_g10245; gene_g10528; gene_g10700; gene_g10856; gene_g12344; gene_g12996; gene_g13258; gene_g13682; gene_g13968; gene_g14630; gene_g14741; gene_g14831; gene_g15368; gene_g15583; gene_g15896; gene_g15898; gene_g15900; gene_g16095; gene_g16102; gene_g16258; gene_g16569; gene_g17719; gene_g17932; gene_g18004; gene_g18091; gene_g18301; gene_g18406; gene_g18878; gene_g19220; gene_g19325; gene_g19839; gene_g19960; gene_g20091; gene_g20182; gene_g20240; gene_g20599; gene_g20633; gene_g20791; gene_g20973; gene_g21089; gene_g21100; gene_g21234; gene_g21623; gene_g21634; gene_g22186; gene_g22311; gene_g22478; gene_g22479; gene_g22548; gene_g22601; gene_g22670; gene_g23489; gene_g23499; gene_g23624; gene_g23733; gene_g23865; gene_g23891; gene_g24090; gene_g24095; gene_g24467; gene_g24510; gene_g24734; gene_g24752; gene_g24885; gene_g24896; gene_g24912; gene_g25116; gene_g25333; gene_g25336; gene_g25351; gene_g25412; gene_g25430; gene_g25446; gene_g25466; gene_g25536; gene_g25571; gene_g25976; gene_g26343; gene_g26671; gene_novel_gene_model_gene_729_gene_5de57afd; gene_g96; gene_g99; gene_g719; gene_g795; gene_g1839; gene_g2185; gene_g2644; gene_g2670; gene_g3091; gene_g3204; gene_g3229; gene_g3443; gene_g4081; gene_g4898; gene_g5123; gene_g5588; gene_g5967; gene_g7308; gene_g7816; gene_g8436; gene_g8546; gene_g8860; gene_g8874; gene_g9387; gene_g9462; gene_g9983; gene_g10076; gene_g10392; gene_g10700; gene_g11244; gene_g11353; gene_g11432; gene_g11559; gene_g11759; gene_g12023; gene_g12839; gene_g13240; gene_g13744; gene_g13765; gene_g14443; gene_g14667; gene_g15714; gene_g16211; gene_g16289; gene_g16569; gene_g16703; gene_g16865; gene_g16987; gene_g17181; gene_g17201; gene_g17618; gene_g17721; gene_g18033; gene_g18223; gene_g18665; gene_g19007; gene_g19395; gene_g19576; gene_g19584; gene_g19654; gene_g19685; gene_g20246; gene_g20633; gene_g21039; gene_g21075; gene_g21234; gene_g21573; gene_g21696; gene_g22311; gene_g22339; gene_g22461; gene_g23336; gene_g23340; gene_g23474; gene_g23489; gene_g23499; gene_g23542; gene_g23610; gene_g23624; gene_g23752; gene_g24046; gene_g24090; gene_g24200; gene_g24467; gene_g24836; gene_g24885; gene_g24896; gene_g24909; gene_g25116; gene_g25148; gene_g25402; gene_g25466; gene_g25489; gene_g26240; gene_novel_gene_model_gene_695_gene_5de57afd; gene_g2185; gene_g4884; gene_g5050; gene_g5123; gene_g5872; gene_g7894; gene_g9387; gene_g10076; gene_g10130; gene_g10700; gene_g10935; gene_g11307; gene_g11928; gene_g14444; gene_g14576; gene_g16289; gene_g17202; gene_g17618; gene_g18032; gene_g18033; gene_g18122; gene_g19007; gene_g19685; gene_g19736; gene_g20246; gene_g20249; gene_g20705; gene_g21100; gene_g21516; gene_g21573; gene_g21833; gene_g22339; gene_g22461; gene_g22581; gene_g23474; gene_g23489; gene_g23519; gene_g23822; gene_g24909; gene_g25489; gene_g25571; gene_g26240; gene_g26509; gene_novel_gene_model_gene_159_gene_5de57afd; gene_g96; gene_g780; gene_g870; gene_g2060; gene_g2670; gene_g3227; gene_g3441; gene_g3634; gene_g3936; gene_g4081; gene_g5050; gene_g6133; gene_g6241; gene_g7067; gene_g7559; gene_g7561; gene_g7816; gene_g7894; gene_g9127; gene_g10076; gene_g10392; gene_g10934; gene_g11307; gene_g11559; gene_g11928; gene_g11954; gene_g11957; gene_g12842; gene_g13336; gene_g13429; gene_g14442; gene_g14444; gene_g14631; gene_g14633; gene_g15125; gene_g15350; gene_g15434; gene_g15514; gene_g15714; gene_g16113; gene_g16241; gene_g16656; gene_g17791; gene_g17912; gene_g18032; gene_g18033; gene_g18124; gene_g18237; gene_g18250; gene_g18654; gene_g18729; gene_g18999; gene_g19007; gene_g19673; gene_g19878; gene_g19968; gene_g20246; gene_g20247; gene_g20249; gene_g20533; gene_g20705; gene_g21036; gene_g21039; gene_g21075; gene_g21249; gene_g21428; gene_g21456; gene_g21516; gene_g21525; gene_g21573; gene_g21679; gene_g21696; gene_g21833; gene_g21968; gene_g22339; gene_g22461; gene_g22515; gene_g22943; gene_g23493; gene_g23523; gene_g23735; gene_g23746; gene_g23822; gene_g24046; gene_g24200; gene_g24546; gene_g24813; gene_g25051; gene_g25402; gene_g26240; gene_g26303; gene_g26498
enriched_vs_control,49.44444444,180,DNA repair,BP,gene_g5807; gene_g14746
enriched_vs_control,8.695652174,23,DNA replication,BP,gene_g3204; gene_g5807; gene_g5833; gene_g6719; gene_g7468; gene_g7939; gene_g9501; gene_g9678; gene_g10079; gene_g12266; gene_g12839; gene_g14308; gene_g14746; gene_g16803; gene_g22938; gene_g23733; gene_g24106; gene_g24585; gene_g24607; gene_g24620; gene_g25038; gene_g25446; gene_g25835
enriched_vs_control,33.33333333,3,DNA replication,BP,gene_g6874; gene_g7939; gene_g16803
enriched_vs_control,25,4,DNA replication,BP,gene_g759; gene_g12285; gene_g15343; gene_g16996
enriched_vs_control,14.28571429,7,DNA replication,BP,gene_g5833; gene_g6719; gene_g7468; gene_g7939; gene_g9501; gene_g16803; gene_g22938
enriched_vs_control,15.15151515,33,DNA-templated transcription,BP,gene_g3648; gene_g8164; gene_g20819; gene_g1159; gene_g1161; gene_g3648; gene_g5197; gene_g8163; gene_g8164; gene_g10600; gene_g14059; gene_g15133; gene_g16235; gene_g18125; gene_g18137; gene_g20819; gene_g21757; gene_g23132; gene_g24830; gene_g5589; gene_g8163; gene_g8424; gene_g16467; gene_g1159; gene_g8163; gene_g8424; gene_g9708; gene_g9709; gene_g10372; gene_g11049; gene_g13251; gene_g13361; gene_g13609; gene_g16467; gene_g18125; gene_g18137; gene_g18678; gene_g19037; gene_g19521; gene_g19975; gene_g20776; gene_g21757; gene_g24830; gene_g24888; gene_g26510
enriched_vs_control,33.33333333,3,DNA-templated transcription,BP,gene_g16604; gene_g17018; gene_g21448
enriched_vs_control,7.142857143,28,immune system process,BP,gene_g527; gene_g3177; gene_g3383; gene_g8298; gene_g9001; gene_g9519; gene_g9712; gene_g12004; gene_g13314; gene_g13454; gene_g16234; gene_g22745; gene_g22746; gene_g22747; gene_g26349; gene_g2995; gene_g17494; gene_g19005; gene_g19006; gene_g19008; gene_g22503; gene_g22745; gene_g22746; gene_g22747; gene_g22748; gene_g22749; gene_g22750; gene_g24446; gene_g16637; gene_g17494; gene_g22342; gene_g22503; gene_g22590; gene_g24446
enriched_vs_control,20,5,immune system process,BP,gene_g13978; gene_g16705; gene_g16707; gene_g16790; gene_g18994
enriched_vs_control,12.5,8,intracellular protein transport,BP,gene_g419; gene_g3970; gene_g5485; gene_g8229; gene_g15425; gene_g16706; gene_g26413; gene_g2850; gene_g3970
enriched_vs_control,100,1,intracellular protein transport,BP,gene_g21448
enriched_vs_control,50,2,lipid metabolic process,BP,gene_g4016; gene_g8561
enriched_vs_control,14.28571429,7,membrane organization,BP,gene_g578; gene_g1147; gene_g5422; gene_g12285; gene_g12541; gene_g15234; gene_g15343; gene_split_gene_gene_gene_g2018-g2018
enriched_vs_control,33.33333333,3,membrane organization,BP,gene_g4224; gene_g7216; gene_g15314
enriched_vs_control,16.66666667,6,microtubule-based movement,BP,gene_g4448; gene_g4449; gene_g12625; gene_g14327; gene_g14388; gene_g23220
enriched_vs_control,12.5,16,mitotic cell cycle,BP,gene_g132; gene_g1933; gene_g3756; gene_g4448; gene_g4449; gene_g5660; gene_g7327; gene_g7844; gene_g8082; gene_g14101; gene_g15102; gene_g19271; gene_g21793; gene_g23225; gene_g26274; gene_g26757
enriched_vs_control,25,4,muscle system process,BP,gene_g278; gene_g295; gene_g4680; gene_g17880
enriched_vs_control,6.686930091,329,nitrogen compund metabolic process,BP,gene_g364; gene_g3436; gene_g4888; gene_g4898; gene_g7140; gene_g9313; gene_g9835; gene_g9897; gene_g9930; gene_g10046; gene_g10138; gene_g10528; gene_g10529; gene_g11805; gene_g12331; gene_g12643; gene_g12682; gene_g13258; gene_g13374; gene_g14630; gene_g14684; gene_g16470; gene_g16720; gene_g17254; gene_g18004; gene_g18665; gene_g18821; gene_g19039; gene_g19308; gene_g19339; gene_g20182; gene_g20436; gene_g20915; gene_g20995; gene_g21116; gene_g21315; gene_g21623; gene_g21779; gene_g22186; gene_g22254; gene_g22478; gene_g22479; gene_g23123; gene_g24352; gene_g26671; gene_novel_gene_model_gene_4_gene_5de57afd; gene_novel_gene_model_gene_82_gene_5de57afd; gene_novel_gene_model_gene_703_gene_5de57afd; gene_novel_gene_model_gene_738_gene_5de57afd; gene_g24898; gene_g57; gene_g364; gene_g670; gene_g1286; gene_g2567; gene_g3080; gene_g3138; gene_g3437; gene_g3438; gene_g3662; gene_g4325; gene_g4326; gene_g5018; gene_g5418; gene_g5499; gene_g5577; gene_g5586; gene_g6245; gene_g7815; gene_g8171; gene_g8278; gene_g8309; gene_g8365; gene_g8406; gene_g8821; gene_g8886; gene_g9307; gene_g9409; gene_g9835; gene_g11783; gene_g11805; gene_g14045; gene_g14060; gene_g14221; gene_g14354; gene_g14657; gene_g14748; gene_g15338; gene_g15350; gene_g15368; gene_g15510; gene_g15752; gene_g15880; gene_g16095; gene_g16376; gene_g16407; gene_g16470; gene_g16477; gene_g16720; gene_g16823; gene_g16845; gene_g17000; gene_g17042; gene_g17090; gene_g17219; gene_g17268; gene_g17358; gene_g17717; gene_g17774; gene_g18090; gene_g18191; gene_g18611; gene_g18612; gene_g18667; gene_g18687; gene_g18849; gene_g18853; gene_g18893; gene_g18987; gene_g19126; gene_g19294; gene_g19301; gene_g19339; gene_g19366; gene_g19458; gene_g19495; gene_g19957; gene_g20311; gene_g20420; gene_g20453; gene_g20827; gene_g21144; gene_g21350; gene_g21353; gene_g21357; gene_g21431; gene_g21450; gene_g21504; gene_g21534; gene_g21553; gene_g21574; gene_g21616; gene_g21645; gene_g21707; gene_g21751; gene_g21776; gene_g21779; gene_g21839; gene_g21871; gene_g21916; gene_g22111; gene_g22162; gene_g22184; gene_g22200; gene_g22215; gene_g22270; gene_g22289; gene_g22362; gene_g22384; gene_g22424; gene_g22434; gene_g22499; gene_g22512; gene_g22602; gene_g22608; gene_g22651; gene_g22981; gene_g23045; gene_g23153; gene_g23349; gene_g23392; gene_g23680; gene_g23694; gene_g23774; gene_g24352; gene_g24774; gene_g25058; gene_g25726; gene_g25878; gene_g26343; gene_g26424; gene_g26514; gene_g26623; gene_g26720; gene_g26722; gene_g26838; gene_novel_gene_model_gene_703_gene_5de57afd; gene_novel_gene_model_gene_740_gene_5de57afd; gene_g673; gene_g1166; gene_g1287; gene_g1420; gene_g2187; gene_g2718; gene_g3138; gene_g3218; gene_g3508; gene_g3791; gene_g3797; gene_g3892; gene_g4213; gene_g5244; gene_g5808; gene_g5815; gene_g5906; gene_g6689; gene_g6690; gene_g7123; gene_g7796; gene_g8278; gene_g8406; gene_g8426; gene_g8821; gene_g8849; gene_g8886; gene_g10370; gene_g10602; gene_g11311; gene_g11313; gene_g11356; gene_g11578; gene_g11783; gene_g11920; gene_g12104; gene_g12252; gene_g12454; gene_g12462; gene_g13242; gene_g13467; gene_g13558; gene_g13559; gene_g14060; gene_g14380; gene_g14439; gene_g14579; gene_g14784; gene_g14962; gene_g15251; gene_g15350; gene_g15469; gene_g15572; gene_g15684; gene_g15686; gene_g15733; gene_g15752; gene_g15899; gene_g16111; gene_g16200; gene_g16469; gene_g16513; gene_g16704; gene_g16823; gene_g16850; gene_g16917; gene_g16965; gene_g17219; gene_g17283; gene_g17523; gene_g17631; gene_g17650; gene_g17695; gene_g17717; gene_g18016; gene_g18073; gene_g18201; gene_g18457; gene_g18611; gene_g18722; gene_g18745; gene_g18849; gene_g18912; gene_g18920; gene_g19086; gene_g19184; gene_g19212; gene_g19264; gene_g19273; gene_g19289; gene_g19318; gene_g19398; gene_g19495; gene_g19563; gene_g19778; gene_g19881; gene_g19911; gene_g20050; gene_g20420; gene_g20448; gene_g20453; gene_g20581; gene_g20637; gene_g20719; gene_g20754; gene_g20802; gene_g20871; gene_g21038; gene_g21110; gene_g21243; gene_g21246; gene_g21350; gene_g21399; gene_g21409; gene_g21413; gene_g21417; gene_g21427; gene_g21429; gene_g21431; gene_g21450; gene_g21456; gene_g21499; gene_g21504; gene_g21520; gene_g21526; gene_g21534; gene_g21574; gene_g21616; gene_g21645; gene_g21776; gene_g21781; gene_g21811; gene_g21821; gene_g21906; gene_g21916; gene_g21967; gene_g22001; gene_g22017; gene_g22027; gene_g22030; gene_g22033; gene_g22083; gene_g22137; gene_g22157; gene_g22161; gene_g22184; gene_g22197; gene_g22209; gene_g22215; gene_g22220; gene_g22229; gene_g22245; gene_g22270; gene_g22289; gene_g22299; gene_g22318; gene_g22325; gene_g22329; gene_g22333; gene_g22366; gene_g22375; gene_g22384; gene_g22393; gene_g22424; gene_g22426; gene_g22499; gene_g22507; gene_g22512; gene_g22528; gene_g22533; gene_g22579; gene_g22602; gene_g22619; gene_g22649; gene_g22651; gene_g22704; gene_g22705; gene_g22981; gene_g23410; gene_g23411; gene_g23421; gene_g23443; gene_g23511; gene_g24215; gene_g24259; gene_g24694; gene_g24774; gene_g24779; gene_g25058; gene_g25493; gene_g25606; gene_g25653; gene_g26333; gene_g26342; gene_g26424; gene_g26497; gene_g26499
enriched_vs_control,10.05847953,855,nucleic acid metabolic process,BP,gene_g626; gene_g719; gene_g3407; gene_g3482; gene_g4888; gene_g4896; gene_g5801; gene_g7140; gene_g8546; gene_g9313; gene_g9897; gene_g9930; gene_g10314; gene_g10528; gene_g10700; gene_g12678; gene_g13258; gene_g13435; gene_g14630; gene_g15730; gene_g16003; gene_g16672; gene_g17614; gene_g17719; gene_g18023; gene_g18208; gene_g18572; gene_g18777; gene_g19058; gene_g19652; gene_g19684; gene_g20182; gene_g20349; gene_g20576; gene_g20602; gene_g20633; gene_g21089; gene_g21234; gene_g21623; gene_g21634; gene_g21876; gene_g22012; gene_g22113; gene_g22171; gene_g22311; gene_g22471; gene_g22474; gene_g22506; gene_g22509; gene_g22548; gene_g22570; gene_g22601; gene_g22653; gene_g22671; gene_g22701; gene_g22832; gene_g22923; gene_g23508; gene_g24467; gene_g24805; gene_g25116; gene_g25162; gene_g26550; gene_g26611; gene_g26671; gene_g26747; gene_g96; gene_g363; gene_g719; gene_g1138; gene_g1326; gene_g1839; gene_g2133; gene_g2185; gene_g2192; gene_g2326; gene_g2332; gene_g2334; gene_g2338; gene_g2340; gene_g2670; gene_g2917; gene_g3139; gene_g3141; gene_g3229; gene_g3234; gene_g3237; gene_g3323; gene_g3393; gene_g3405; gene_g3406; gene_g3407; gene_g3443; gene_g3445; gene_g3576; gene_g3619; gene_g3635; gene_g3900; gene_g3943; gene_g4081; gene_g4220; gene_g4528; gene_g4665; gene_g4898; gene_g5123; gene_g5418; gene_g5517; gene_g5588; gene_g5802; gene_g5967; gene_g6271; gene_g6852; gene_g7064; gene_g7140; gene_g7314; gene_g7315; gene_g7316; gene_g7408; gene_g7541; gene_g7816; gene_g7998; gene_g8198; gene_g8342; gene_g8370; gene_g8436; gene_g8474; gene_g8546; gene_g8551; gene_g8666; gene_g8860; gene_g8865; gene_g9232; gene_g9313; gene_g9407; gene_g9628; gene_g9834; gene_g9897; gene_g9930; gene_g9983; gene_g9987; gene_g9998; gene_g10076; gene_g10267; gene_g10311; gene_g10314; gene_g10392; gene_g10528; gene_g10651; gene_g10652; gene_g10700; gene_g11037; gene_g11050; gene_g11097; gene_g11154; gene_g11244; gene_g11353; gene_g11355; gene_g11364; gene_g11559; gene_g11566; gene_g11759; gene_g11760; gene_g11781; gene_g11823; gene_g11919; gene_g11944; gene_g12192; gene_g12285; gene_g12346; gene_g12539; gene_g12590; gene_g12678; gene_g12946; gene_g13158; gene_g13218; gene_g13240; gene_g13258; gene_g13262; gene_g13356; gene_g13428; gene_g13435; gene_g13494; gene_g13701; gene_g13744; gene_g13765; gene_g13797; gene_g13820; gene_g13912; gene_g14410; gene_g14416; gene_g14425; gene_g14426; gene_g14427; gene_g14443; gene_g14488; gene_g14523; gene_g14533; gene_g14570; gene_g14577; gene_g14578; gene_g14630; gene_g14686; gene_g14749; gene_g14845; gene_g14868; gene_g14966; gene_g15002; gene_g15087; gene_g15236; gene_g15325; gene_g15470; gene_g15536; gene_g15572; gene_g15592; gene_g15714; gene_g16003; gene_g16073; gene_g16093; gene_g16094; gene_g16114; gene_g16115; gene_g16211; gene_g16289; gene_g16316; gene_g16374; gene_g16380; gene_g16703; gene_g16857; gene_g16869; gene_g16987; gene_g17045; gene_g17170; gene_g17181; gene_g17201; gene_g17275; gene_g17521; gene_g17618; gene_g17623; gene_g17668; gene_g17721; gene_g17777; gene_g17828; gene_g17912; gene_g17957; gene_g18017; gene_g18023; gene_g18025; gene_g18033; gene_g18208; gene_g18218; gene_g18223; gene_g18264; gene_g18294; gene_g18312; gene_g18406; gene_g18422; gene_g18572; gene_g18588; gene_g18605; gene_g18653; gene_g18665; gene_g18666; gene_g18723; gene_g18772; gene_g18846; gene_g18913; gene_g18917; gene_g18922; gene_g18990; gene_g18996; gene_g18997; gene_g19007; gene_g19025; gene_g19036; gene_g19058; gene_g19113; gene_g19114; gene_g19200; gene_g19313; gene_g19320; gene_g19385; gene_g19395; gene_g19465; gene_g19576; gene_g19578; gene_g19584; gene_g19587; gene_g19599; gene_g19628; gene_g19634; gene_g19652; gene_g19654; gene_g19685; gene_g19686; gene_g19691; gene_g19732; gene_g19746; gene_g19771; gene_g19811; gene_g19877; gene_g19888; gene_g19971; gene_g20052; gene_g20182; gene_g20246; gene_g20303; gene_g20318; gene_g20368; gene_g20472; gene_g20586; gene_g20697; gene_g20786; gene_g20811; gene_g20826; gene_g20863; gene_g20872; gene_g21039; gene_g21054; gene_g21075; gene_g21094; gene_g21117; gene_g21134; gene_g21234; gene_g21316; gene_g21559; gene_g21573; gene_g21623; gene_g21625; gene_g21634; gene_g21649; gene_g21692; gene_g21696; gene_g21725; gene_g21751; gene_g21775; gene_g21836; gene_g21841; gene_g21850; gene_g21876; gene_g21899; gene_g21959; gene_g21965; gene_g21993; gene_g22012; gene_g22076; gene_g22101; gene_g22112; gene_g22113; gene_g22124; gene_g22136; gene_g22138; gene_g22244; gene_g22250; gene_g22251; gene_g22264; gene_g22279; gene_g22291; gene_g22311; gene_g22339; gene_g22343; gene_g22363; gene_g22380; gene_g22383; gene_g22401; gene_g22423; gene_g22461; gene_g22468; gene_g22497; gene_g22544; gene_g22548; gene_g22560; gene_g22574; gene_g22592; gene_g22601; gene_g22616; gene_g22648; gene_g22652; gene_g22656; gene_g22684; gene_g22832; gene_g22900; gene_g23218; gene_g23336; gene_g23340; gene_g23348; gene_g23409; gene_g23474; gene_g23508; gene_g23510; gene_g23526; gene_g23596; gene_g23610; gene_g23714; gene_g23752; gene_g23781; gene_g23785; gene_g23935; gene_g24046; gene_g24200; gene_g24349; gene_g24369; gene_g24467; gene_g24805; gene_g25116; gene_g25148; gene_g25162; gene_g25402; gene_g25573; gene_g26028; gene_g26240; gene_g26286; gene_g26387; gene_g26393; gene_g26397; gene_g26439; gene_g26507; gene_g26531; gene_g26550; gene_g26560; gene_g26602; gene_g26603; gene_g26670; gene_g26671; gene_g26732; gene_g26747; gene_g26749; gene_g26772; gene_g26777; gene_g26796; gene_novel_gene_model_gene_695_gene_5de57afd; gene_g1841; gene_g1989; gene_g2185; gene_g2338; gene_g3013; gene_g3138; gene_g3235; gene_g3406; gene_g4156; gene_g4227; gene_g4863; gene_g4896; gene_g5123; gene_g5127; gene_g6470; gene_g6839; gene_g7140; gene_g7540; gene_g7894; gene_g7945; gene_g8211; gene_g8287; gene_g8542; gene_g8737; gene_g8865; gene_g9313; gene_g9628; gene_g9854; gene_g9898; gene_g10076; gene_g10130; gene_g10140; gene_g10267; gene_g10281; gene_g10651; gene_g10652; gene_g10700; gene_g10935; gene_g11037; gene_g11039; gene_g11307; gene_g11928; gene_g11997; gene_g11998; gene_g12532; gene_g12888; gene_g13143; gene_g13158; gene_g13356; gene_g13509; gene_g13701; gene_g13820; gene_g13840; gene_g13912; gene_g14221; gene_g14354; gene_g14444; gene_g14446; gene_g14630; gene_g14657; gene_g15002; gene_g15163; gene_g15955; gene_g16003; gene_g16093; gene_g16094; gene_g16114; gene_g16256; gene_g16289; gene_g16316; gene_g16374; gene_g16379; gene_g16719; gene_g17202; gene_g17590; gene_g17618; gene_g17668; gene_g17704; gene_g17717; gene_g18032; gene_g18033; gene_g18168; gene_g18264; gene_g18449; gene_g18572; gene_g18631; gene_g18653; gene_g18664; gene_g18728; gene_g18989; gene_g18990; gene_g18997; gene_g19007; gene_g19036; gene_g19053; gene_g19057; gene_g19058; gene_g19078; gene_g19259; gene_g19337; gene_g19385; gene_g19466; gene_g19587; gene_g19685; gene_g19760; gene_g20052; gene_g20070; gene_g20123; gene_g20166; gene_g20246; gene_g20304; gene_g20318; gene_g20369; gene_g20576; gene_g20705; gene_g21235; gene_g21329; gene_g21377; gene_g21431; gene_g21438; gene_g21516; gene_g21542; gene_g21573; gene_g21612; gene_g21615; gene_g21649; gene_g21715; gene_g21724; gene_g21751; gene_g21776; gene_g21836; gene_g21864; gene_g21898; gene_g21943; gene_g21952; gene_g21971; gene_g22116; gene_g22124; gene_g22134; gene_g22138; gene_g22161; gene_g22167; gene_g22171; gene_g22202; gene_g22207; gene_g22227; gene_g22243; gene_g22244; gene_g22256; gene_g22262; gene_g22279; gene_g22293; gene_g22317; gene_g22339; gene_g22348; gene_g22362; gene_g22363; gene_g22369; gene_g22373; gene_g22378; gene_g22382; gene_g22401; gene_g22403; gene_g22406; gene_g22412; gene_g22434; gene_g22454; gene_g22461; gene_g22466; gene_g22474; gene_g22486; gene_g22487; gene_g22513; gene_g22544; gene_g22550; gene_g22552; gene_g22570; gene_g22575; gene_g22579; gene_g22580; gene_g22581; gene_g22588; gene_g22592; gene_g22598; gene_g22607; gene_g22608; gene_g22610; gene_g22633; gene_g22636; gene_g22657; gene_g22664; gene_g22670; gene_g22695; gene_g22713; gene_g22715; gene_g22901; gene_g23349; gene_g23474; gene_g23489; gene_g23508; gene_g23519; gene_g23935; gene_g24304; gene_g24771; gene_g24893; gene_g25573; gene_g25878; gene_g26240; gene_g26395; gene_g26507; gene_g26509; gene_g26646; gene_g26670; gene_novel_gene_model_gene_132_gene_5de57afd; gene_novel_gene_model_gene_159_gene_5de57afd; gene_g96; gene_g780; gene_g1138; gene_g1420; gene_g1434; gene_g2017; gene_g2092; gene_g2332; gene_g2336; gene_g2338; gene_g2670; gene_g2721; gene_g2917; gene_g2940; gene_g2941; gene_g2942; gene_g2943; gene_g2944; gene_g2945; gene_g2946; gene_g3010; gene_g3138; gene_g3140; gene_g3227; gene_g3232; gene_g3234; gene_g3235; gene_g3439; gene_g3456; gene_g3523; gene_g3576; gene_g3634; gene_g4081; gene_g4133; gene_g4171; gene_g4285; gene_g4475; gene_g4863; gene_g4890; gene_g5584; gene_g5587; gene_g6133; gene_g6184; gene_g6470; gene_g6839; gene_g6883; gene_g6980; gene_g7064; gene_g7203; gene_g7311; gene_g7559; gene_g7772; gene_g7816; gene_g7834; gene_g7894; gene_g7998; gene_g8211; gene_g8287; gene_g8352; gene_g8423; gene_g8452; gene_g8616; gene_g8666; gene_g8698; gene_g8756; gene_g8867; gene_g9127; gene_g9234; gene_g9834; gene_g9940; gene_g9983; gene_g10076; gene_g10281; gene_g10392; gene_g10499; gene_g10677; gene_g10702; gene_g10920; gene_g10934; gene_g11014; gene_g11037; gene_g11157; gene_g11307; gene_g11445; gene_g11559; gene_g11566; gene_g11599; gene_g11716; gene_g11928; gene_g11956; gene_g11957; gene_g11997; gene_g12191; gene_g12227; gene_g12422; gene_g12441; gene_g12532; gene_g12539; gene_g12590; gene_g12888; gene_g12907; gene_g13158; gene_g13291; gene_g13336; gene_g13426; gene_g13451; gene_g13453; gene_g13494; gene_g13633; gene_g13724; gene_g14025; gene_g14182; gene_g14192; gene_g14410; gene_g14416; gene_g14442; gene_g14444; gene_g14451; gene_g14455; gene_g14580; gene_g14588; gene_g14626; gene_g14632; gene_g14750; gene_g14845; gene_g14866; gene_g15087; gene_g15096; gene_g15125; gene_g15163; gene_g15236; gene_g15242; gene_g15350; gene_g15434; gene_g15469; gene_g15514; gene_g15572; gene_g15587; gene_g15714; gene_g15733; gene_g15779; gene_g15849; gene_g15946; gene_g15955; gene_g16004; gene_g16238; gene_g16256; gene_g16354; gene_g16379; gene_g16387; gene_g16513; gene_g16578; gene_g16656; gene_g16719; gene_g16732; gene_g16733; gene_g16869; gene_g16970; gene_g17298; gene_g17329; gene_g17518; gene_g17519; gene_g17525; gene_g17528; gene_g17534; gene_g17599; gene_g17704; gene_g17711; gene_g17717; gene_g17727; gene_g17773; gene_g17787; gene_g17791; gene_g17836; gene_g17912; gene_g18008; gene_g18018; gene_g18032; gene_g18033; gene_g18124; gene_g18145; gene_g18168; gene_g18237; gene_g18265; gene_g18398; gene_g18449; gene_g18453; gene_g18601; gene_g18603; gene_g18605; gene_g18622; gene_g18631; gene_g18654; gene_g18662; gene_g18663; gene_g18728; gene_g18772; gene_g18783; gene_g18809; gene_g18847; gene_g18865; gene_g18911; gene_g18912; gene_g18922; gene_g18959; gene_g18988; gene_g18989; gene_g18990; gene_g18999; gene_g19002; gene_g19007; gene_g19042; gene_g19053; gene_g19057; gene_g19079; gene_g19133; gene_g19139; gene_g19156; gene_g19226; gene_g19264; gene_g19283; gene_g19313; gene_g19337; gene_g19385; gene_g19404; gene_g19432; gene_g19473; gene_g19558; gene_g19560; gene_g19562; gene_g19563; gene_g19574; gene_g19579; gene_g19634; gene_g19673; gene_g19746; gene_g19760; gene_g19778; gene_g19868; gene_g19888; gene_g19930; gene_g19964; gene_g20011; gene_g20035; gene_g20070; gene_g20084; gene_g20104; gene_g20119; gene_g20138; gene_g20246; gene_g20304; gene_g20369; gene_g20421; gene_g20433; gene_g20533; gene_g20704; gene_g20705; gene_g20719; gene_g20780; gene_g20802; gene_g20863; gene_g20866; gene_g20871; gene_g20887; gene_g21031; gene_g21032; gene_g21036; gene_g21039; gene_g21054; gene_g21075; gene_g21083; gene_g21134; gene_g21155; gene_g21167; gene_g21169; gene_g21191; gene_g21229; gene_g21249; gene_g21252; gene_g21323; gene_g21355; gene_g21386; gene_g21417; gene_g21431; gene_g21438; gene_g21456; gene_g21491; gene_g21497; gene_g21516; gene_g21520; gene_g21525; gene_g21534; gene_g21541; gene_g21573; gene_g21586; gene_g21601; gene_g21615; gene_g21625; gene_g21641; gene_g21645; gene_g21659; gene_g21660; gene_g21676; gene_g21679; gene_g21691; gene_g21696; gene_g21701; gene_g21704; gene_g21715; gene_g21724; gene_g21742; gene_g21768; gene_g21776; gene_g21782; gene_g21789; gene_g21832; gene_g21849; gene_g21864; gene_g21885; gene_g21899; gene_g21914; gene_g21931; gene_g21943; gene_g21971; gene_g21980; gene_g22010; gene_g22019; gene_g22078; gene_g22099; gene_g22101; gene_g22115; gene_g22116; gene_g22130; gene_g22134; gene_g22142; gene_g22146; gene_g22161; gene_g22163; gene_g22179; gene_g22180; gene_g22187; gene_g22191; gene_g22199; gene_g22202; gene_g22207; gene_g22216; gene_g22217; gene_g22219; gene_g22223; gene_g22227; gene_g22244; gene_g22245; gene_g22255; gene_g22256; gene_g22262; gene_g22265; gene_g22271; gene_g22277; gene_g22293; gene_g22310; gene_g22312; gene_g22316; gene_g22339; gene_g22341; gene_g22343; gene_g22364; gene_g22369; gene_g22373; gene_g22382; gene_g22383; gene_g22390; gene_g22403; gene_g22404; gene_g22406; gene_g22421; gene_g22423; gene_g22448; gene_g22461; gene_g22463; gene_g22466; gene_g22468; gene_g22469; gene_g22484; gene_g22486; gene_g22487; gene_g22488; gene_g22489; gene_g22494; gene_g22497; gene_g22498; gene_g22504; gene_g22505; gene_g22510; gene_g22513; gene_g22514; gene_g22515; gene_g22529; gene_g22531; gene_g22538; gene_g22542; gene_g22545; gene_g22552; gene_g22554; gene_g22558; gene_g22573; gene_g22574; gene_g22575; gene_g22579; gene_g22593; gene_g22594; gene_g22597; gene_g22598; gene_g22607; gene_g22614; gene_g22633; gene_g22636; gene_g22640; gene_g22645; gene_g22652; gene_g22654; gene_g22657; gene_g22664; gene_g22669; gene_g22682; gene_g22683; gene_g22689; gene_g22705; gene_g22710; gene_g22711; gene_g22713; gene_g22722; gene_g22725; gene_g22779; gene_g22780; gene_g22896; gene_g22943; gene_g22981; gene_g23017; gene_g23510; gene_g23523; gene_g23526; gene_g23735; gene_g23746; gene_g23758; gene_g23785; gene_g23796; gene_g23822; gene_g24046; gene_g24117; gene_g24186; gene_g24200; gene_g24214; gene_g24345; gene_g24434; gene_g24511; gene_g24771; gene_g24775; gene_g24813; gene_g24917; gene_g25051; gene_g25059; gene_g25096; gene_g25220; gene_g25249; gene_g25402; gene_g25561; gene_g25651; gene_g26240; gene_g26303; gene_g26498
enriched_vs_control,10.9929078,282,nucleic acid metabolic process,BP,gene_g57; gene_g117; gene_g596; gene_g670; gene_g709; gene_g1201; gene_g1789; gene_g1846; gene_g2764; gene_g3095; gene_g3237; gene_g3445; gene_g3611; gene_g3619; gene_g3900; gene_g4528; gene_g4933; gene_g4951; gene_g5091; gene_g5127; gene_g5321; gene_g5331; gene_g5499; gene_g5802; gene_g5806; gene_g7068; gene_g7312; gene_g7314; gene_g7316; gene_g7541; gene_g7552; gene_g7770; gene_g7811; gene_g7815; gene_g7833; gene_g7945; gene_g8309; gene_g8542; gene_g8737; gene_g8857; gene_g9558; gene_g9628; gene_g9898; gene_g10140; gene_g10583; gene_g10862; gene_g11108; gene_g11140; gene_g11244; gene_g11282; gene_g11998; gene_g12452; gene_g12538; gene_g12619; gene_g12946; gene_g13116; gene_g13218; gene_g13287; gene_g13529; gene_g13555; gene_g13820; gene_g14045; gene_g14194; gene_g14427; gene_g14576; gene_g14578; gene_g14868; gene_g15012; gene_g15296; gene_g15510; gene_g15528; gene_g15564; gene_g15705; gene_g15775; gene_g15880; gene_g16043; gene_g16114; gene_g16376; gene_g16380; gene_g16429; gene_g16434; gene_g16477; gene_g16845; gene_g16859; gene_g16861; gene_g16862; gene_g16929; gene_g17000; gene_g17047; gene_g17090; gene_g17307; gene_g17339; gene_g17521; gene_g17626; gene_g17668; gene_g17779; gene_g17957; gene_g18015; gene_g18122; gene_g18354; gene_g18454; gene_g18455; gene_g18458; gene_g18558; gene_g18612; gene_g18653; gene_g18664; gene_g18685; gene_g18747; gene_g18853; gene_g18940; gene_g18987; gene_g18995; gene_g19036; gene_g19114; gene_g19115; gene_g19136; gene_g19271; gene_g19284; gene_g19285; gene_g19493; gene_g19565; gene_g19566; gene_g19727; gene_g19756; gene_g19812; gene_g19877; gene_g19897; gene_g19934; gene_g20066; gene_g20125; gene_g20134; gene_g20218; gene_g20300; gene_g20311; gene_g20417; gene_g20482; gene_g20524; gene_g20680; gene_g20696; gene_g20809; gene_g20829; gene_g20901; gene_g21017; gene_g21144; gene_g21305; gene_g21309; gene_g21357; gene_g21377; gene_g21446; gene_g21514; gene_g21542; gene_g21590; gene_g21609; gene_g21642; gene_g21675; gene_g21842; gene_g21860; gene_g21898; gene_g21950; gene_g22066; gene_g22072; gene_g22076; gene_g22103; gene_g22136; gene_g22138; gene_g22143; gene_g22152; gene_g22167; gene_g22194; gene_g22243; gene_g22297; gene_g22334; gene_g22348; gene_g22362; gene_g22378; gene_g22380; gene_g22392; gene_g22396; gene_g22425; gene_g22434; gene_g22454; gene_g22465; gene_g22527; gene_g22539; gene_g22541; gene_g22566; gene_g22567; gene_g22580; gene_g22608; gene_g22610; gene_g22639; gene_g22647; gene_g22648; gene_g22681; gene_g22712; gene_g22715; gene_g22792; gene_g22833; gene_g22858; gene_g22901; gene_g22928; gene_g23218; gene_g23349; gene_g23507; gene_g23694; gene_g23835; gene_g24145; gene_g24363; gene_g24370; gene_g24414; gene_g24571; gene_g24884; gene_g25031; gene_g25148; gene_g25404; gene_g25489; gene_g25726; gene_g26395; gene_g26432; gene_g26439; gene_g26452; gene_g26479; gene_g26531; gene_g26741; gene_novel_gene_model_gene_419_gene_5de57afd; gene_g12266; gene_g13689; gene_g23620; gene_g23623; gene_g24562; gene_g24919; gene_g1842; gene_g17623; gene_g21089; gene_g21146; gene_g24805; gene_g24884; gene_g25116; gene_g1844; gene_g2335; gene_g2931; gene_g3440; gene_g5789; gene_g7258; gene_g7313; gene_g8509; gene_g9148; gene_g9986; gene_g10130; gene_g10603; gene_g10935; gene_g11039; gene_g11247; gene_g11780; gene_g11835; gene_g11929; gene_g14426; gene_g15158; gene_g15546; gene_g16289; gene_g16682; gene_g18985; gene_g19388; gene_g19395; gene_g19475; gene_g19559; gene_g19685; gene_g19737; gene_g19803; gene_g20077; gene_g20078; gene_g20123; gene_g20195; gene_g20943; gene_g21036; gene_g21092; gene_g21594; gene_g22145; gene_g22190; gene_g22259; gene_g22581; gene_g23525; gene_g23989; gene_g24030
enriched_vs_control,12.38938053,226,nucleic acid metabolic process,BP,gene_g528; gene_g1797; gene_g2133; gene_g2192; gene_g2333; gene_g2960; gene_g2991; gene_g3141; gene_g3222; gene_g3405; gene_g3437; gene_g3438; gene_g3486; gene_g3798; gene_g4083; gene_g4220; gene_g4326; gene_g4667; gene_g5215; gene_g5219; gene_g5418; gene_g5521; gene_g5560; gene_g5803; gene_g5968; gene_g6137; gene_g6179; gene_g6318; gene_g6582; gene_g6836; gene_g8004; gene_g8175; gene_g8198; gene_g8370; gene_g8436; gene_g8513; gene_g8551; gene_g8865; gene_g9057; gene_g9407; gene_g9409; gene_g9987; gene_g9998; gene_g10250; gene_g10267; gene_g10652; gene_g10932; gene_g11015; gene_g11050; gene_g11158; gene_g11329; gene_g11364; gene_g11760; gene_g11823; gene_g11944; gene_g12346; gene_g12386; gene_g12860; gene_g13006; gene_g13143; gene_g13219; gene_g13236; gene_g13240; gene_g13428; gene_g13458; gene_g13509; gene_g13670; gene_g13701; gene_g14216; gene_g14748; gene_g14749; gene_g15002; gene_g15325; gene_g16005; gene_g16075; gene_g16357; gene_g16669; gene_g17170; gene_g17275; gene_g17623; gene_g17628; gene_g17705; gene_g18025; gene_g18049; gene_g18325; gene_g18422; gene_g18461; gene_g18510; gene_g18588; gene_g18670; gene_g18723; gene_g18737; gene_g18846; gene_g18916; gene_g18917; gene_g18958; gene_g18977; gene_g19018; gene_g19025; gene_g19078; gene_g19106; gene_g19113; gene_g19148; gene_g19461; gene_g19462; gene_g19466; gene_g19628; gene_g19629; gene_g19691; gene_g19725; gene_g19732; gene_g19810; gene_g19811; gene_g19971; gene_g20052; gene_g20076; gene_g20088; gene_g20303; gene_g20318; gene_g20368; gene_g20461; gene_g20472; gene_g20586; gene_g20695; gene_g20786; gene_g20826; gene_g20872; gene_g20917; gene_g21094; gene_g21135; gene_g21139; gene_g21235; gene_g21316; gene_g21330; gene_g21532; gene_g21559; gene_g21605; gene_g21649; gene_g21692; gene_g21710; gene_g21725; gene_g21751; gene_g21773; gene_g21775; gene_g21831; gene_g21836; gene_g21850; gene_g21871; gene_g21925; gene_g21926; gene_g21952; gene_g21959; gene_g21965; gene_g21993; gene_g22112; gene_g22124; gene_g22141; gene_g22154; gene_g22233; gene_g22250; gene_g22251; gene_g22264; gene_g22268; gene_g22288; gene_g22309; gene_g22317; gene_g22330; gene_g22363; gene_g22397; gene_g22401; gene_g22412; gene_g22422; gene_g22433; gene_g22544; gene_g22550; gene_g22560; gene_g22588; gene_g22589; gene_g22592; gene_g22616; gene_g22656; gene_g22668; gene_g22674; gene_g22684; gene_g22693; gene_g23348; gene_g23409; gene_g23580; gene_g23714; gene_g23752; gene_g23781; gene_g23845; gene_g23935; gene_g23942; gene_g24304; gene_g24349; gene_g24553; gene_g24893; gene_g24898; gene_g25073; gene_g25286; gene_g25346; gene_g25573; gene_g26028; gene_g26286; gene_g26387; gene_g26393; gene_g26397; gene_g26507; gene_g26560; gene_g26602; gene_g26720; gene_g26732; gene_g26772; gene_g26779; gene_g26842; gene_g3486; gene_g5674; gene_g3233; gene_g8449; gene_g18238; gene_g18488; gene_g20916; gene_g21000; gene_g22269; gene_g23336; gene_g23340
enriched_vs_control,6.097560976,164,nucleic acid metabolic process,BP,gene_g154; gene_g521; gene_g726; gene_g727; gene_g728; gene_g758; gene_g2687; gene_g3436; gene_g3482; gene_g3726; gene_g3894; gene_g4361; gene_g4531; gene_g4888; gene_g5674; gene_g7140; gene_g8515; gene_g8728; gene_g9313; gene_g9646; gene_g9897; gene_g9915; gene_g9930; gene_g10046; gene_g10520; gene_g10528; gene_g10529; gene_g11209; gene_g11332; gene_g11579; gene_g11750; gene_g12972; gene_g13167; gene_g13258; gene_g13372; gene_g13584; gene_g14630; gene_g15368; gene_g15535; gene_g15691; gene_g16095; gene_g17098; gene_g17195; gene_g17550; gene_g17719; gene_g17932; gene_g17939; gene_g18004; gene_g18379; gene_g18406; gene_g19319; gene_g19325; gene_g20089; gene_g20182; gene_g20362; gene_g20902; gene_g21271; gene_g21508; gene_g21623; gene_g21843; gene_g22478; gene_g22479; gene_g22859; gene_g23335; gene_g23475; gene_g23606; gene_g23881; gene_g24326; gene_g24414; gene_g24543; gene_g24589; gene_g24619; gene_g24634; gene_g24673; gene_g24876; gene_g25021; gene_g25138; gene_g25245; gene_g25291; gene_g25376; gene_g25469; gene_g25596; gene_g26343; gene_g26478; gene_g26671; gene_g26717; gene_g26808; gene_g9345; gene_g2520; gene_g2756; gene_g2827; gene_g3437; gene_g3438; gene_g3894; gene_g5418; gene_g6508; gene_g10686; gene_g12639; gene_g14354; gene_g15896; gene_g15900; gene_g17717; gene_g17850; gene_g18068; gene_g18617; gene_g19288; gene_g20141; gene_g20300; gene_g20546; gene_g21751; gene_g22065; gene_g22362; gene_g22434; gene_g22608; gene_g24828; gene_g24936; gene_g25283; gene_g25489; gene_g25878; gene_g26341; gene_g1901; gene_g2718; gene_g4867; gene_g5133; gene_g6773; gene_g6775; gene_g7561; gene_g9401; gene_g10686; gene_g11247; gene_g11835; gene_g12104; gene_g12639; gene_g13175; gene_g13681; gene_g14266; gene_g14856; gene_g15125; gene_g15159; gene_g15367; gene_g16965; gene_g17256; gene_g17283; gene_g17695; gene_g17717; gene_g18016; gene_g18237; gene_g18290; gene_g18291; gene_g18757; gene_g19288; gene_g19986; gene_g20042; gene_g20141; gene_g20159; gene_g20517; gene_g20585; gene_g20937; gene_g20943; gene_g21036; gene_g21449; gene_g21953; gene_g22065; gene_g22145; gene_g22190; gene_g22210; gene_g22522; gene_g22649; gene_g24030; gene_g24635; gene_g24936; gene_g25167
enriched_vs_control,25,4,organelle localization,BP,gene_g3116; gene_g13743; gene_g19927; gene_g21424
enriched_vs_control,100,1,photosynthesis,BP,gene_g11345
enriched_vs_control,33.33333333,3,positive regulation of cellular pH,BP,gene_g3046; gene_g9828; gene_g14022
enriched_vs_control,50,2,positive regulation of translation,BP,gene_g7602; gene_g11360; gene_g11360
enriched_vs_control,50,2,positive regulation of translation,BP,gene_g1698; gene_g11360; gene_g11360
enriched_vs_control,9.090909091,22,positive regulation of translation,BP,gene_g739; gene_g1590; gene_g3305; gene_g4259; gene_g4260; gene_g6042; gene_g6958; gene_g7192; gene_g8401; gene_g8883; gene_g8884; gene_g9285; gene_g9289; gene_g11703; gene_g12286; gene_g13198; gene_g17663; gene_g18256; gene_g18802; gene_g19109; gene_g20984; gene_g26528; gene_split_gene_gene_gene_g1652-g1652
enriched_vs_control,33.33333333,3,protein maturation,BP,gene_g84; gene_g9916; gene_g19714
enriched_vs_control,1.845819761,921,protein metabolic process,BP,gene_g4; gene_g53; gene_g287; gene_g425; gene_g487; gene_g526; gene_g536; gene_g541; gene_g752; gene_g871; gene_g879; gene_g987; gene_g1032; gene_g1112; gene_g1203; gene_g1313; gene_g1525; gene_g1526; gene_g2059; gene_g2463; gene_g2569; gene_g2612; gene_g2727; gene_g2809; gene_g2976; gene_g3124; gene_g3247; gene_g3372; gene_g3668; gene_g3674; gene_g3830; gene_g3953; gene_g4143; gene_g4217; gene_g4332; gene_g4509; gene_g4664; gene_g4696; gene_g4697; gene_g4903; gene_g4942; gene_g5043; gene_g5126; gene_g5173; gene_g5195; gene_g5196; gene_g5198; gene_g5199; gene_g5247; gene_g5485; gene_g5635; gene_g5747; gene_g6120; gene_g6403; gene_g6496; gene_g6519; gene_g6685; gene_g6864; gene_g6909; gene_g6922; gene_g7063; gene_g7150; gene_g7278; gene_g7328; gene_g7417; gene_g7460; gene_g7645; gene_g7819; gene_g7823; gene_g7836; gene_g8208; gene_g8276; gene_g8297; gene_g8441; gene_g8451; gene_g8594; gene_g8667; gene_g9026; gene_g9173; gene_g9219; gene_g9422; gene_g9485; gene_g9749; gene_g9938; gene_g10161; gene_g10174; gene_g10221; gene_g10251; gene_g10311; gene_g10354; gene_g10679; gene_g10846; gene_g10862; gene_g10952; gene_g11073; gene_g11147; gene_g11217; gene_g11453; gene_g11473; gene_g11619; gene_g11651; gene_g11781; gene_g11843; gene_g11892; gene_g12065; gene_g12068; gene_g12069; gene_g12072; gene_g12162; gene_g12288; gene_g12483; gene_g12484; gene_g12551; gene_g12663; gene_g12712; gene_g12816; gene_g12827; gene_g12829; gene_g12830; gene_g12889; gene_g13049; gene_g13066; gene_g13422; gene_g13554; gene_g13593; gene_g13629; gene_g13800; gene_g13926; gene_g14057; gene_g14177; gene_g14425; gene_g14521; gene_g14604; gene_g14923; gene_g15009; gene_g15010; gene_g15227; gene_g15253; gene_g15254; gene_g15276; gene_g15313; gene_g15404; gene_g15614; gene_g15642; gene_g15643; gene_g16181; gene_g16221; gene_g16405; gene_g16419; gene_g16420; gene_g16714; gene_g16751; gene_g16942; gene_g16943; gene_g17103; gene_g17146; gene_g17147; gene_g17199; gene_g17287; gene_g17427; gene_g17468; gene_g17485; gene_g17489; gene_g17778; gene_g17785; gene_g17864; gene_g17880; gene_g18024; gene_g18091; gene_g18254; gene_g18267; gene_g18416; gene_g18440; gene_g18450; gene_g18559; gene_g18589; gene_g18782; gene_g18869; gene_g18890; gene_g19173; gene_g19322; gene_g19414; gene_g19477; gene_g19499; gene_g19635; gene_g19689; gene_g19772; gene_g19889; gene_g19922; gene_g19969; gene_g20037; gene_g20162; gene_g20187; gene_g20206; gene_g20240; gene_g20362; gene_g20464; gene_g20484; gene_g20488; gene_g20608; gene_g20927; gene_g20985; gene_g21088; gene_g21193; gene_g21236; gene_g21275; gene_g21311; gene_g21626; gene_g21646; gene_g21702; gene_g21738; gene_g21912; gene_g21915; gene_g22014; gene_g22847; gene_g22892; gene_g22920; gene_g22946; gene_g22947; gene_g22949; gene_g23061; gene_g23310; gene_g23311; gene_g23435; gene_g23552; gene_g23602; gene_g23713; gene_g23913; gene_g24134; gene_g24135; gene_g24137; gene_g24187; gene_g24244; gene_g24578; gene_g24590; gene_g24615; gene_g25305; gene_g25424; gene_g25547; gene_g25577; gene_g25755; gene_g25935; gene_g25969; gene_g25988; gene_g26032; gene_g26287; gene_g26324; gene_g26390; gene_g26436; gene_g26440; gene_g26443; gene_g26560; gene_g26591; gene_g26620; gene_novel_gene_model_gene_47_gene_5de57afd; gene_novel_gene_model_gene_190_gene_5de57afd; gene_novel_gene_model_gene_207_gene_5de57afd; gene_novel_gene_model_gene_454_gene_5de57afd; gene_g47; gene_g53; gene_g74; gene_g138; gene_g200; gene_g253; gene_g316; gene_g354; gene_g389; gene_g487; gene_g525; gene_g610; gene_g624; gene_g646; gene_g655; gene_g739; gene_g798; gene_g839; gene_g871; gene_g934; gene_g943; gene_g949; gene_g987; gene_g1032; gene_g1035; gene_g1045; gene_g1096; gene_g1123; gene_g1252; gene_g1284; gene_g1313; gene_g1327; gene_g1447; gene_g1525; gene_g1526; gene_g1537; gene_g1538; gene_g1551; gene_g1709; gene_g1736; gene_g1762; gene_g1777; gene_g1818; gene_g2059; gene_g2130; gene_g2132; gene_g2210; gene_g2258; gene_g2304; gene_g2313; gene_g2365; gene_g2420; gene_g2421; gene_g2429; gene_g2462; gene_g2463; gene_g2471; gene_g2543; gene_g2544; gene_g2545; gene_g2569; gene_g2612; gene_g2647; gene_g2924; gene_g2949; gene_g2976; gene_g3034; gene_g3058; gene_g3059; gene_g3060; gene_g3061; gene_g3124; gene_g3128; gene_g3182; gene_g3247; gene_g3261; gene_g3303; gene_g3305; gene_g3413; gene_g3414; gene_g3415; gene_g3416; gene_g3488; gene_g3558; gene_g3578; gene_g3579; gene_g3614; gene_g3615; gene_g3645; gene_g3674; gene_g3830; gene_g3869; gene_g3885; gene_g3890; gene_g3953; gene_g4029; gene_g4040; gene_g4041; gene_g4048; gene_g4049; gene_g4108; gene_g4142; gene_g4217; gene_g4259; gene_g4260; gene_g4332; gene_g4336; gene_g4372; gene_g4376; gene_g4415; gene_g4508; gene_g4509; gene_g4510; gene_g4511; gene_g4512; gene_g4536; gene_g4607; gene_g4664; gene_g4687; gene_g4696; gene_g4721; gene_g4802; gene_g4805; gene_g4828; gene_g4903; gene_g5064; gene_g5076; gene_g5077; gene_g5096; gene_g5125; gene_g5126; gene_g5147; gene_g5148; gene_g5154; gene_g5173; gene_g5194; gene_g5195; gene_g5196; gene_g5198; gene_g5199; gene_g5211; gene_g5221; gene_g5348; gene_g5361; gene_g5364; gene_g5367; gene_g5373; gene_g5415; gene_g5416; gene_g5420; gene_g5436; gene_g5480; gene_g5485; gene_g5524; gene_g5718; gene_g5743; gene_g5747; gene_g5785; gene_g5804; gene_g5806; gene_g5857; gene_g5869; gene_g5870; gene_g5875; gene_g5957; gene_g5958; gene_g6038; gene_g6039; gene_g6109; gene_g6120; gene_g6223; gene_g6224; gene_g6242; gene_g6244; gene_g6293; gene_g6339; gene_g6403; gene_g6404; gene_g6414; gene_g6426; gene_g6461; gene_g6519; gene_g6548; gene_g6639; gene_g6681; gene_g6684; gene_g6685; gene_g6686; gene_g6688; gene_g6747; gene_g6765; gene_g6887; gene_g6900; gene_g6951; gene_g6952; gene_g6958; gene_g7150; gene_g7192; gene_g7205; gene_g7328; gene_g7361; gene_g7417; gene_g7431; gene_g7432; gene_g7471; gene_g7481; gene_g7588; gene_g7673; gene_g7762; gene_g7767; gene_g7797; gene_g7798; gene_g7819; gene_g7823; gene_g7836; gene_g7837; gene_g7838; gene_g7968; gene_g7974; gene_g7977; gene_g8276; gene_g8292; gene_g8297; gene_g8401; gene_g8450; gene_g8451; gene_g8474; gene_g8564; gene_g8565; gene_g8575; gene_g8588; gene_g8594; gene_g8669; gene_g8721; gene_g8724; gene_g8729; gene_g8774; gene_g8803; gene_g8804; gene_g8883; gene_g8884; gene_g8888; gene_g8915; gene_g9001; gene_g9024; gene_g9026; gene_g9031; gene_g9146; gene_g9173; gene_g9205; gene_g9210; gene_g9219; gene_g9230; gene_g9233; gene_g9285; gene_g9286; gene_g9287; gene_g9289; gene_g9347; gene_g9383; gene_g9396; gene_g9419; gene_g9433; gene_g9442; gene_g9485; gene_g9492; gene_g9599; gene_g9642; gene_g9748; gene_g9749; gene_g9812; gene_g9848; gene_g9906; gene_g9919; gene_g9938; gene_g9948; gene_g9989; gene_g10013; gene_g10018; gene_g10137; gene_g10160; gene_g10161; gene_g10164; gene_g10174; gene_g10311; gene_g10362; gene_g10502; gene_g10645; gene_g10676; gene_g10679; gene_g10680; gene_g10697; gene_g10701; gene_g10712; gene_g10770; gene_g10782; gene_g10817; gene_g10844; gene_g10846; gene_g10862; gene_g10980; gene_g11034; gene_g11073; gene_g11147; gene_g11206; gene_g11217; gene_g11317; gene_g11358; gene_g11389; gene_g11408; gene_g11452; gene_g11453; gene_g11530; gene_g11607; gene_g11608; gene_g11619; gene_g11702; gene_g11703; gene_g11781; gene_g11797; gene_g11802; gene_g11892; gene_g11899; gene_g11939; gene_g12007; gene_g12008; gene_g12031; gene_g12065; gene_g12066; gene_g12068; gene_g12069; gene_g12072; gene_g12105; gene_g12106; gene_g12116; gene_g12161; gene_g12162; gene_g12179; gene_g12188; gene_g12189; gene_g12199; gene_g12256; gene_g12261; gene_g12286; gene_g12300; gene_g12301; gene_g12449; gene_g12465; gene_g12507; gene_g12524; gene_g12540; gene_g12550; gene_g12551; gene_g12552; gene_g12553; gene_g12562; gene_g12572; gene_g12684; gene_g12712; gene_g12729; gene_g12740; gene_g12752; gene_g12796; gene_g12798; gene_g12814; gene_g12816; gene_g12827; gene_g12828; gene_g12829; gene_g12830; gene_g12833; gene_g12889; gene_g12982; gene_g12998; gene_g13001; gene_g13005; gene_g13049; gene_g13066; gene_g13135; gene_g13152; gene_g13155; gene_g13168; gene_g13198; gene_g13272; gene_g13490; gene_g13554; gene_g13593; gene_g13603; gene_g13629; gene_g13655; gene_g13671; gene_g13702; gene_g13728; gene_g13749; gene_g13773; gene_g13790; gene_g13911; gene_g13934; gene_g13967; gene_g13978; gene_g13989; gene_g13999; gene_g14057; gene_g14058; gene_g14077; gene_g14095; gene_g14098; gene_g14149; gene_g14188; gene_g14225; gene_g14295; gene_g14298; gene_g14363; gene_g14422; gene_g14423; gene_g14521; gene_g14531; gene_g14549; gene_g14550; gene_g14585; gene_g14604; gene_g14610; gene_g14655; gene_g14668; gene_g14745; gene_g14771; gene_g14809; gene_g14869; gene_g14870; gene_g14872; gene_g14891; gene_g14909; gene_g14977; gene_g14985; gene_g15005; gene_g15008; gene_g15009; gene_g15010; gene_g15024; gene_g15028; gene_g15066; gene_g15107; gene_g15187; gene_g15227; gene_g15252; gene_g15253; gene_g15254; gene_g15255; gene_g15276; gene_g15326; gene_g15342; gene_g15359; gene_g15404; gene_g15614; gene_g15695; gene_g15713; gene_g15747; gene_g15857; gene_g15999; gene_g16024; gene_g16052; gene_g16055; gene_g16084; gene_g16142; gene_g16159; gene_g16162; gene_g16284; gene_g16315; gene_g16405; gene_g16431; gene_g16504; gene_g16508; gene_g16528; gene_g16597; gene_g16705; gene_g16707; gene_g16751; gene_g16827; gene_g16828; gene_g16837; gene_g16858; gene_g16905; gene_g16942; gene_g16977; gene_g16979; gene_g16984; gene_g16993; gene_g17052; gene_g17101; gene_g17102; gene_g17103; gene_g17287; gene_g17320; gene_g17460; gene_g17467; gene_g17468; gene_g17472; gene_g17485; gene_g17539; gene_g17540; gene_g17543; gene_g17574; gene_g17580; gene_g17591; gene_g17596; gene_g17663; gene_g17762; gene_g17785; gene_g17845; gene_g17864; gene_g17865; gene_g17894; gene_g17901; gene_g17905; gene_g17986; gene_g18024; gene_g18108; gene_g18142; gene_g18166; gene_g18195; gene_g18239; gene_g18267; gene_g18271; gene_g18288; gene_g18322; gene_g18330; gene_g18331; gene_g18440; gene_g18450; gene_g18463; gene_g18529; gene_g18559; gene_g18589; gene_g18592; gene_g18677; gene_g18680; gene_g18681; gene_g18682; gene_g18705; gene_g18714; gene_g18751; gene_g18755; gene_g18782; gene_g18966; gene_g18967; gene_g18970; gene_g18994; gene_g19012; gene_g19021; gene_g19023; gene_g19069; gene_g19088; gene_g19108; gene_g19109; gene_g19136; gene_g19181; gene_g19182; gene_g19185; gene_g19188; gene_g19216; gene_g19246; gene_g19286; gene_g19322; gene_g19414; gene_g19568; gene_g19589; gene_g19600; gene_g19643; gene_g19689; gene_g19700; gene_g19748; gene_g19789; gene_g19791; gene_g19802; gene_g19813; gene_g19836; gene_g19841; gene_g19889; gene_g19905; gene_g19955; gene_g19969; gene_g20036; gene_g20037; gene_g20131; gene_g20161; gene_g20162; gene_g20187; gene_g20211; gene_g20256; gene_g20347; gene_g20427; gene_g20438; gene_g20475; gene_g20484; gene_g20511; gene_g20611; gene_g20617; gene_g20618; gene_g20693; gene_g20698; gene_g20725; gene_g20922; gene_g20980; gene_g20984; gene_g20985; gene_g21193; gene_g21228; gene_g21329; gene_g21368; gene_g21374; gene_g21432; gene_g21646; gene_g21793; gene_g21868; gene_g21915; gene_g22014; gene_g22678; gene_g22754; gene_g22847; gene_g22899; gene_g22913; gene_g22917; gene_g22922; gene_g22933; gene_g22945; gene_g22946; gene_g22947; gene_g22948; gene_g22949; gene_g22993; gene_g23001; gene_g23020; gene_g23055; gene_g23189; gene_g23191; gene_g23209; gene_g23217; gene_g23289; gene_g23349; gene_g23518; gene_g23552; gene_g23602; gene_g23720; gene_g23729; gene_g23738; gene_g24054; gene_g24099; gene_g24111; gene_g24187; gene_g24347; gene_g24578; gene_g24590; gene_g24743; gene_g25029; gene_g25241; gene_g25305; gene_g25533; gene_g25682; gene_g25686; gene_g25716; gene_g25755; gene_g25796; gene_g25912; gene_g25964; gene_g25969; gene_g25984; gene_g26093; gene_g26197; gene_g26281; gene_g26287; gene_g26324; gene_g26383; gene_g26440; gene_g26443; gene_g26444; gene_g26528; gene_g26567; gene_g26591; gene_g26601; gene_g26708; gene_g26729; gene_g26793; gene_g26805; gene_novel_gene_model_gene_47_gene_5de57afd; gene_novel_gene_model_gene_207_gene_5de57afd; gene_novel_gene_model_gene_773_gene_5de57afd; gene_split_gene_gene_gene_g1652-g1652; gene_g287; gene_g871; gene_g1185; gene_g1777; gene_g2544; gene_g2931; gene_g3128; gene_g3303; gene_g3413; gene_g3415; gene_g3416; gene_g3674; gene_g3830; gene_g3885; gene_g3890; gene_g4040; gene_g4217; gene_g4372; gene_g4600; gene_g5195; gene_g5199; gene_g5419; gene_g5784; gene_g5806; gene_g5957; gene_g6402; gene_g6403; gene_g6404; gene_g6426; gene_g6461; gene_g6681; gene_g6688; gene_g6689; gene_g7417; gene_g7472; gene_g8276; gene_g8474; gene_g8805; gene_g9024; gene_g9230; gene_g9285; gene_g9286; gene_g9287; gene_g9492; gene_g9848; gene_g9938; gene_g10077; gene_g10164; gene_g10174; gene_g10311; gene_g11389; gene_g11557; gene_g11619; gene_g11797; gene_g11805; gene_g12065; gene_g12105; gene_g12106; gene_g12188; gene_g12189; gene_g12256; gene_g12286; gene_g12546; gene_g12551; gene_g12814; gene_g12816; gene_g12829; gene_g12830; gene_g12998; gene_g13155; gene_g13629; gene_g13702; gene_g13749; gene_g14057; gene_g14522; gene_g14604; gene_g14869; gene_g15024; gene_g15028; gene_g15066; gene_g15359; gene_g15404; gene_g15781; gene_g16024; gene_g16084; gene_g16905; gene_g16979; gene_g16984; gene_g17052; gene_g17101; gene_g17102; gene_g17487; gene_g17540; gene_g17543; gene_g17730; gene_g17830; gene_g18142; gene_g18166; gene_g18296; gene_g18322; gene_g18331; gene_g18401; gene_g18440; gene_g18452; gene_g18577; gene_g18589; gene_g18653; gene_g18682; gene_g18705; gene_g18714; gene_g18967; gene_g19024; gene_g19108; gene_g19182; gene_g19414; gene_g19499; gene_g19568; gene_g19589; gene_g19814; gene_g19909; gene_g20037; gene_g20092; gene_g20608; gene_g20617; gene_g20836; gene_g20980; gene_g20985; gene_g21714; gene_g21797; gene_g21868; gene_g22014; gene_g22210; gene_g22993; gene_g23189; gene_g23191; gene_g23275; gene_g23279; gene_g23798; gene_g23813; gene_g24135; gene_g24425; gene_g25107; gene_g26092; gene_g26324; gene_g26383; gene_g26440; gene_g26513; gene_g26590; gene_g26591; gene_g912; gene_g1163; gene_g1185; gene_g1920; gene_g2974; gene_g4600; gene_g4660; gene_g5003; gene_g5419; gene_g5808; gene_g6401; gene_g6689; gene_g7013; gene_g7187; gene_g7472; gene_g7706; gene_g8681; gene_g9006; gene_g9174; gene_g9175; gene_g9939; gene_g10077; gene_g10377; gene_g10991; gene_g11074; gene_g11247; gene_g11835; gene_g11918; gene_g11967; gene_g12215; gene_g12523; gene_g12546; gene_g14463; gene_g14564; gene_g14986; gene_g15125; gene_g15251; gene_g15621; gene_g16077; gene_g16078; gene_g16946; gene_g17063; gene_g17269; gene_g17341; gene_g17487; gene_g17574; gene_g17843; gene_g17844; gene_g17889; gene_g18237; gene_g18296; gene_g18788; gene_g18862; gene_g19257; gene_g19445; gene_g19699; gene_g19909; gene_g19942; gene_g20092; gene_g20142; gene_g20159; gene_g20628; gene_g20656; gene_g20836; gene_g20943; gene_g21192; gene_g21425; gene_g21630; gene_g21632; gene_g21714; gene_g21765; gene_g21778; gene_g21797; gene_g21868; gene_g21923; gene_g21948; gene_g21957; gene_g21972; gene_g22024; gene_g22139; gene_g22145; gene_g22190; gene_g22210; gene_g22287; gene_g22408; gene_g22526; gene_g22562; gene_g22603; gene_g22676; gene_g22912; gene_g22914; gene_g22916; gene_g23279; gene_g23367; gene_g23570; gene_g23675; gene_g23798; gene_g23870; gene_g23995; gene_g24030; gene_g24377; gene_g24641; gene_g24796; gene_g24938; gene_g25029; gene_g25654; gene_g26513
enriched_vs_control,33.33333333,3,protein modification process,BP,gene_g5502; gene_g13743; gene_g14120
enriched_vs_control,3.378378378,148,protein modification process,BP,gene_g610; gene_g2171; gene_g2173; gene_g2210; gene_g2365; gene_g3305; gene_g4259; gene_g4260; gene_g5857; gene_g5869; gene_g6339; gene_g6684; gene_g6688; gene_g6958; gene_g7192; gene_g7361; gene_g8401; gene_g8721; gene_g8883; gene_g8884; gene_g9205; gene_g9285; gene_g9289; gene_g11358; gene_g11703; gene_g11843; gene_g11952; gene_g12066; gene_g12256; gene_g12286; gene_g12301; gene_g12449; gene_g12684; gene_g12752; gene_g12814; gene_g13135; gene_g13198; gene_g13306; gene_g14095; gene_g14655; gene_g15144; gene_g15255; gene_g15747; gene_g16419; gene_g17199; gene_g17344; gene_g17472; gene_g17663; gene_g17778; gene_g17901; gene_g18239; gene_g18416; gene_g18970; gene_g19109; gene_g19286; gene_g19600; gene_g19802; gene_g19813; gene_g20256; gene_g20347; gene_g20511; gene_g20984; gene_g21228; gene_g21236; gene_g22678; gene_g23729; gene_g23913; gene_g25964; gene_g26390; gene_g26528; gene_g13790; gene_g2365; gene_g2931; gene_g3414; gene_g3890; gene_g4372; gene_g5806; gene_g6403; gene_g6461; gene_g6958; gene_g7205; gene_g7819; gene_g8276; gene_g9230; gene_g9233; gene_g9285; gene_g9287; gene_g9599; gene_g10174; gene_g10362; gene_g11389; gene_g11557; gene_g11781; gene_g12105; gene_g12179; gene_g12188; gene_g12189; gene_g12288; gene_g12301; gene_g12829; gene_g12998; gene_g13155; gene_g13749; gene_g14522; gene_g14655; gene_g14869; gene_g16084; gene_g16142; gene_g16329; gene_g16905; gene_g17830; gene_g17864; gene_g17865; gene_g18401; gene_g18452; gene_g18559; gene_g18653; gene_g19024; gene_g19185; gene_g19568; gene_g20211; gene_g20984; gene_g21228; gene_g21329; gene_g23001; gene_g23189; gene_g23191; gene_g25912; gene_g26444; gene_g26666; gene_g3183; gene_g5744; gene_g7706; gene_g7923; gene_g9175; gene_g10376; gene_g11918; gene_g11967; gene_g14986; gene_g16970; gene_g17730; gene_g18237; gene_g18601; gene_g18715; gene_g19784; gene_g20168; gene_g20966; gene_g21346; gene_g21363; gene_g21661; gene_g21885; gene_g22004; gene_g22198; gene_g22263; gene_g26091
enriched_vs_control,50,2,regulation of catalytic activity,BP,gene_g3130; gene_g22803
enriched_vs_control,14.28571429,7,regulation of cellular process,BP,gene_g8675; gene_g8676; gene_g10740; gene_g15305; gene_g15306; gene_g16271; gene_g23455
enriched_vs_control,14.28571429,7,regulation of cellular process,BP,gene_g4328; gene_g6432; gene_g8348; gene_g18593; gene_g21597; gene_g26429; gene_g26566
enriched_vs_control,100,1,regulation of gene expression,BP,gene_g13978
enriched_vs_control,9.090909091,22,regulation of phospholipase activity,BP,gene_g3305; gene_g4259; gene_g4260; gene_g5211; gene_g6958; gene_g7192; gene_g8401; gene_g8883; gene_g8884; gene_g9285; gene_g9289; gene_g11703; gene_g12286; gene_g13155; gene_g13198; gene_g14188; gene_g17663; gene_g19109; gene_g19802; gene_g20984; gene_g23055; gene_g26528
enriched_vs_control,50,2,reproductive process,BP,gene_g5807; gene_g14746
enriched_vs_control,50,2,reproductive process,BP,gene_g5807; gene_g14746
enriched_vs_control,50,2,reproductive process,BP,gene_g5807; gene_g14746
enriched_vs_control,33.33333333,3,reproductive process,BP,gene_g3046; gene_g9828; gene_g14022
enriched_vs_control,50,2,response to nitrogen compound,BP,gene_g5138; gene_g13978
enriched_vs_control,50,2,response to nitrogen compound,BP,gene_g6908; gene_g13978
enriched_vs_control,100,1,response to nutrient levels,BP,gene_g13978
enriched_vs_control,100,1,response to stress,BP,gene_g13978
enriched_vs_control,20,5,response to stress,BP,gene_g13978; gene_g14891; gene_g16705; gene_g16707; gene_g18994
enriched_vs_control,33.33333333,3,response to virus,BP,gene_g13314; gene_g13454; gene_g14016
enriched_vs_control,13.04347826,23,signaling,BP,gene_g1797; gene_g4665; gene_g6137; gene_g8198; gene_g9407; gene_g10932; gene_g13236; gene_g14427; gene_g16075; gene_g17668; gene_g18588; gene_g19461; gene_g19628; gene_g21073; gene_g21850; gene_g21959; gene_g21993; gene_g22309; gene_g22401; gene_g22616; gene_g22648; gene_g24349; gene_g24403
enriched_vs_control,50,2,signaling,BP,gene_g11345; gene_g11358
enriched_vs_control,16.66666667,6,signaling,BP,gene_g5807; gene_g9353; gene_g9386; gene_g13968; gene_g14746; gene_g26196
enriched_vs_control,50,2,signaling,BP,gene_g23058; gene_g23059
enriched_vs_control,20,5,signaling,BP,gene_g7950; gene_g9017; gene_g13712; gene_g17881; gene_g18302
enriched_vs_control,20,5,signaling,BP,gene_g1002; gene_g8294; gene_g13712; gene_g17881; gene_g18302
enriched_vs_control,33.33333333,3,signaling,BP,gene_g4448; gene_g4449; gene_g11737
enriched_vs_control,14.28571429,7,signaling,BP,gene_g3816; gene_g4776; gene_g5462; gene_g9459; gene_g11606; gene_g11843; gene_g24564
enriched_vs_control,20,5,signaling,BP,gene_g72; gene_g11309; gene_g11360; gene_g14002; gene_g23283
enriched_vs_control,4.444444444,45,signaling,BP,gene_g3305; gene_g3558; gene_g4259; gene_g4260; gene_g4536; gene_g5221; gene_g5718; gene_g6958; gene_g7192; gene_g7570; gene_g7767; gene_g7903; gene_g8296; gene_g8333; gene_g8401; gene_g8883; gene_g8884; gene_g9285; gene_g9289; gene_g9913; gene_g10712; gene_g11208; gene_g11274; gene_g11703; gene_g12286; gene_g13001; gene_g13005; gene_g13155; gene_g13198; gene_g13742; gene_g14807; gene_g16315; gene_g17663; gene_g17894; gene_g18383; gene_g19109; gene_g19246; gene_g19802; gene_g20611; gene_g20984; gene_g21912; gene_g23363; gene_g25520; gene_g25964; gene_g26528
enriched_vs_control,3.921568627,102,signaling,BP,gene_g74; gene_g3046; gene_g3246; gene_g3614; gene_g3642; gene_g4259; gene_g4260; gene_g4508; gene_g4509; gene_g4510; gene_g4607; gene_g4690; gene_g5416; gene_g6015; gene_g6069; gene_g6242; gene_g6244; gene_g6403; gene_g6951; gene_g6958; gene_g7192; gene_g7797; gene_g7850; gene_g8290; gene_g8564; gene_g8721; gene_g8724; gene_g9233; gene_g9286; gene_g9289; gene_g9343; gene_g9492; gene_g9828; gene_g10676; gene_g10680; gene_g10844; gene_g10866; gene_g11389; gene_g11598; gene_g11703; gene_g11781; gene_g11895; gene_g12031; gene_g12105; gene_g12286; gene_g12301; gene_g12371; gene_g12605; gene_g12798; gene_g12814; gene_g13198; gene_g13749; gene_g13830; gene_g14022; gene_g14149; gene_g14521; gene_g14525; gene_g14870; gene_g14872; gene_g15107; gene_g16790; gene_g16828; gene_g16858; gene_g17199; gene_g17540; gene_g17663; gene_g17864; gene_g17894; gene_g17905; gene_g18271; gene_g18383; gene_g18592; gene_g18680; gene_g18681; gene_g18682; gene_g18751; gene_g19109; gene_g19185; gene_g19568; gene_g19600; gene_g19789; gene_g19802; gene_g19841; gene_g19905; gene_g20347; gene_g20484; gene_g20618; gene_g20693; gene_g20922; gene_g20984; gene_g21228; gene_g21329; gene_g23191; gene_g23363; gene_g23518; gene_g23602; gene_g23729; gene_g25682; gene_g25884; gene_g26093; gene_g26443; gene_g26805
enriched_vs_control,2.727272727,110,signaling,BP,gene_g74; gene_g278; gene_g295; gene_g420; gene_g1002; gene_g1295; gene_g2365; gene_g2368; gene_g3305; gene_g3558; gene_g3589; gene_g4259; gene_g4260; gene_g4509; gene_g4510; gene_g4607; gene_g5139; gene_g5187; gene_g5718; gene_g5843; gene_g6242; gene_g6244; gene_g6951; gene_g6958; gene_g7192; gene_g7570; gene_g8294; gene_g8401; gene_g8721; gene_g8883; gene_g8884; gene_g9129; gene_g9233; gene_g9285; gene_g9286; gene_g9287; gene_g9289; gene_g9492; gene_g10018; gene_g10137; gene_g10676; gene_g10680; gene_g10701; gene_g10844; gene_g11274; gene_g11317; gene_g11358; gene_g11389; gene_g11703; gene_g11781; gene_g11984; gene_g12031; gene_g12105; gene_g12106; gene_g12286; gene_g12752; gene_g12775; gene_g12798; gene_g12889; gene_g13198; gene_g13699; gene_g13702; gene_g13773; gene_g13830; gene_g14149; gene_g14869; gene_g14870; gene_g14872; gene_g14919; gene_g15056; gene_g15107; gene_g16858; gene_g17318; gene_g17540; gene_g17591; gene_g17663; gene_g17905; gene_g18165; gene_g18271; gene_g18592; gene_g18680; gene_g18681; gene_g18682; gene_g19109; gene_g19185; gene_g19196; gene_g19216; gene_g19246; gene_g19568; gene_g19789; gene_g19836; gene_g19905; gene_g19955; gene_g20347; gene_g20980; gene_g20984; gene_g21329; gene_g23189; gene_g23191; gene_g23518; gene_g23913; gene_g24282; gene_g25520; gene_g25786; gene_g26093; gene_g26229; gene_g26233; gene_g26528; gene_g26601; gene_g26805
enriched_vs_control,12.5,8,signaling,BP,gene_g8877; gene_g9828; gene_g10772; gene_g13699; gene_g14022; gene_g14069; gene_g14525; gene_g25909
enriched_vs_control,11.11111111,9,signaling,BP,gene_g3305; gene_g4259; gene_g4260; gene_g6958; gene_g7192; gene_g8297; gene_g8883; gene_g12286; gene_g13198
enriched_vs_control,25,4,telomere organization,BP,gene_g5807; gene_g11924; gene_g13344; gene_g14746
enriched_vs_control,33.33333333,3,transmembrane transport,BP,gene_g440; gene_g8191; gene_g9218
enriched_vs_control,5.405405405,37,transmembrane transport,BP,gene_g440; gene_g845; gene_g2496; gene_g2831; gene_g3740; gene_g3741; gene_g4787; gene_g5704; gene_g7550; gene_g7596; gene_g8383; gene_g8527; gene_g8639; gene_g10849; gene_g10850; gene_g10851; gene_g11628; gene_g11773; gene_g12129; gene_g13394; gene_g13874; gene_g18286; gene_g23141; gene_g25415; gene_g26502; gene_g915; gene_g925; gene_g1775; gene_g2760; gene_g6331; gene_g6333; gene_g6334; gene_g6335; gene_g11497; gene_g11585; gene_g24447; gene_g26817
enriched_vs_control,16.66666667,6,transport,BP,gene_g8190; gene_g8191; gene_g11488; gene_g11773; gene_g11889; gene_g18286
enriched_vs_control,100,1,transport,BP,gene_g8191
enriched_vs_control,50,2,transport,BP,gene_g5552; gene_g8191
enriched_vs_control,10.86956522,276,transport,BP,gene_g3648; gene_g8164; gene_g20819; gene_g1159; gene_g1161; gene_g3648; gene_g5197; gene_g8163; gene_g8164; gene_g10600; gene_g14059; gene_g15133; gene_g16235; gene_g18125; gene_g18137; gene_g20819; gene_g21757; gene_g23132; gene_g24830; gene_g5589; gene_g8163; gene_g8424; gene_g16467; gene_g1159; gene_g8163; gene_g8424; gene_g9708; gene_g9709; gene_g10372; gene_g11049; gene_g13251; gene_g13361; gene_g13609; gene_g16467; gene_g18125; gene_g18137; gene_g18678; gene_g19037; gene_g19521; gene_g19975; gene_g20776; gene_g21757; gene_g24830; gene_g24888; gene_g26510
enriched_vs_control,19.04761905,21,viral process,BP,gene_g1966; gene_g8318; gene_g9407; gene_g10528; gene_g10781; gene_g14630; gene_g14891; gene_g16380; gene_g17668; gene_g18917; gene_g19628; gene_g21993; gene_g22076; gene_g22264; gene_g22309; gene_g22363; gene_g22401; gene_g22616; gene_g24349; gene_g26210; gene_g21036
enriched_vs_control,20,5,viral process,BP,gene_g13095; gene_g13978; gene_g16705; gene_g16707; gene_g18994
enriched_vs_control,4,75,wound healing,BP,gene_g74; gene_g3614; gene_g3830; gene_g4508; gene_g4509; gene_g4510; gene_g4607; gene_g5416; gene_g5843; gene_g6242; gene_g6244; gene_g6403; gene_g6951; gene_g6958; gene_g7787; gene_g7797; gene_g8724; gene_g9168; gene_g9233; gene_g9286; gene_g9492; gene_g10676; gene_g10680; gene_g10844; gene_g11389; gene_g11703; gene_g11781; gene_g12031; gene_g12105; gene_g12286; gene_g12301; gene_g12798; gene_g12814; gene_g13749; gene_g14149; gene_g14521; gene_g14870; gene_g14872; gene_g15107; gene_g15187; gene_g15404; gene_g16828; gene_g16858; gene_g17199; gene_g17540; gene_g17663; gene_g17864; gene_g17905; gene_g18271; gene_g18592; gene_g18680; gene_g18681; gene_g18682; gene_g18751; gene_g18953; gene_g19109; gene_g19185; gene_g19568; gene_g19600; gene_g19772; gene_g19789; gene_g19802; gene_g19841; gene_g19905; gene_g20484; gene_g21228; gene_g21329; gene_g23191; gene_g23518; gene_g23602; gene_g23729; gene_g25682; gene_g26093; gene_g26443; gene_g26805; gene_novel_gene_model_gene_601_gene_5de57afd